96.84,0,0,101.863997238523,90.1472759106046,100.010729613734,101.681365946909,0,0,0,34.46,52.16,88.5906040268456,0,99.8956784476073,100.470258657425,99.0498046420434,99.3051331188382,98.0925544265309,0
96.84,0,0,103.797031411805,95.5542586425899,98.6909871244635,99.7871138723552,0,0,0,33.81,51.17,90.1246404602109,0,99.7773474155746,100.072755505048,99.2492125165597,99.3668782088617,98.677258549699,0
96.84,0,0,102.036589575423,94.7921315527481,97.274678111588,101.577095190511,0,0,0,34.02,59.07,98.7535953978907,0,99.6607419545521,99.7770791131169,99.2513938242116,99.3984303381976,99.5257488928969,0
100.12,0,0,104.970659302727,98.2423014864911,99.4635193133047,102.115827431898,0,0,0,42.08,61.83,98.1783317353787,0,99.8716498712886,100.007619057994,99.6341873491817,99.6371586029267,99.9496169576766,0
100.12,0,0,99.5857783914394,99.1074187236088,97.274678111588,98.6401355519833,0,0,0,44.35,64.43,98.3700862895494,0,100.340703211169,99.9399573666976,99.8981515430166,99.8582176752278,100.325121072894,0
100.12,0,0,96.5481532619952,101.270211816403,99.3669527896996,97.8059695008038,0,0,0,37.87,63.32,100.671140939597,0,100.603982208069,100.090877846076,100.172944371267,100.06995673394,100.444758211285,0
107.56,0,0,91.3703831549879,99.4369871948917,97.6287553648069,96.3983142894382,0,0,0,44.06,75.8,100.671140939597,0,100.621755589475,100.104840961294,100.321351195444,100.2436390705,100.316070509233,0
107.56,0,0,96.5136347946151,107.006763019671,101.105150214592,98.692270930182,0,0,0,43.55,72.54,104.697986577181,0,100.441260861795,99.9805840902309,100.544857325925,100.393341788765,100.644153441936,0
107.56,0,0,97.1004487400759,104.91606302997,102.489270386266,100.256332276144,0,0,0,40.99,72.78,112.94343240652,0,100.516884011323,99.9590452422882,100.731696713494,100.534209910815,100.816774088425,0
104.31,0,0,99.4477045219192,103.309416732466,102.93991416309,101.420689055915,0,0,0,42.05,85.45,98.7535953978907,0,100.218230808712,99.8890811224191,100.644937798433,100.458776050834,100.784437178678,0
104.31,0,0,103.451846738005,103.772872395208,102.231759656652,101.455445974714,0,0,0,39.12,75.38,106.423777564717,0,99.6326582863592,99.8557330440526,100.595936280108,100.500619028507,100.711089902344,0
104.31,0,0,103.313772868485,102.444299495348,101.523605150215,100.169439979146,0,0,0,38.24,88.31,101.821668264621,0,98.4191073340758,99.8521679933586,99.905526440316,100.233639472588,99.7124167684004,0
100.13,0,0,114.22160856058,97.3771842493735,105.611587982833,113.342312204023,0,0,0,37.48,40.21,94.3432406519655,0,98.635321381669,99.688324205215,99.8876085560321,100.326451274573,98.9855433743942,0
100.13,0,0,111.114946496376,101.342304919496,99.6888412017167,107.32936525177,0,0,0,31.31,67.61,97.0278044103547,0,98.67142895506,99.2228622739837,99.9185363823831,100.395186374787,100.120540623479,0
100.13,0,0,107.732136693131,97.717051735384,103.487124463519,104.149107181648,0,0,0,37.82,75.95,103.163950143816,0,98.895968882778,99.3601167257015,100.054478591407,100.611002939445,101.598799354739,0
104.88,0,0,108.180876769071,102.423701465893,102.263948497854,105.139679367424,0,0,0,45.31,87.54,107.574304889741,0,99.0285790149211,99.8229048689123,100.272271773275,100.871477902547,102.351033182336,0
104.88,0,0,107.00724887815,106.121047753098,104.130901287554,105.29608550202,0,0,0,45.31,78.25,110.642377756472,0,99.4403865365342,99.911139873588,100.446984129018,101.10311907361,102.818079977914,0
104.88,0,0,102.519848118744,103.453602938652,102.070815450644,105.469870096016,0,0,0,47.05,84.06,105.656759348035,0,99.9912319423038,100.234296864618,100.658700810998,101.40213617624,102.826187774527,0
109.49,0,0,102.036589575423,105.925366473274,103.648068669528,103.940565668853,0,0,0,51.51,95.52,111.601150527325,0,100.152788528145,100.102464260831,100.661687125046,101.625331084988,102.428717187091,0
109.49,0,0,106.040731791508,110.04497236431,107.092274678112,104.705217882435,0,0,0,49.79,88.21,110.642377756472,0,100.297779632287,100.061020546514,100.764260520584,101.749597932834,103.093367955929,0
109.49,0,0,108.767690714532,107.532012770778,109.989270386266,106.894903766781,0,0,0,45.15,90.2,118.504314477469,0,100.594922960265,100.1752507125,100.944166465974,101.906387744765,103.353948767996,0
108.21,0,0,114.0144977563,108.829688626455,109.763948497854,110.092540296303,0,0,0,47.95,92.71,124.448705656759,0,100.761397423485,100.247962892279,101.087561476142,102.085409672443,103.435403840943,0
108.21,0,0,118.536416983086,110.477530982869,109.281115879828,111.187383238476,0,0,0,39.32,86.37,115.244487056568,0,100.780033590397,100.001825850616,101.197405897187,102.021043328598,103.298231235459,0
108.21,0,0,118.329306178806,102.320711318617,107.25321888412,110.005647999305,0,0,0,44.99,85.51,105.656759348035,0,99.8461114203358,99.5998663848709,100.827180859164,101.616690655724,101.137126331334,0
101.14,0,0,128.926475664481,98.3040955748567,111.405579399142,124.742581570144,0,0,0,38.61,76.6,98.3700862895494,0,100.000808861411,99.2541307394454,100.828089737352,101.476405034522,100.280151084705,0
101.14,0,0,120.331377286848,100.12702118164,107.478540772532,113.272798366425,0,0,0,37.38,65.89,94.5349952061361,0,99.9682818478665,98.8195659142285,100.870391525031,101.465822935761,101.454933103214,0
101.14,0,0,119.710044874008,98.9632325174225,107.99356223176,115.566755007169,0,0,0,43.33,87.64,110.06711409396,0,100.042438262035,98.7478935409018,100.868184249431,101.537761790646,102.560138913582,0
106.46,0,0,124.542630307214,107.109753166947,112.467811158798,116.001216492158,0,0,0,47.52,79.54,114.477468839885,0,100.464340374058,98.9418917161653,101.042714829536,101.786683820238,103.143428886178,0
106.46,0,0,118.122195374525,106.769885680937,111.019313304721,114.541425902594,0,0,0,48.37,80.72,109.683604985618,0,100.915059521954,98.9482048267692,101.259183646044,102.074924657156,103.592940214663,0
106.46,0,0,110.217466344494,104.720381750146,108.251072961373,108.215666681149,0,0,0,51.57,81.28,116.203259827421,0,101.154827613838,98.7804989003737,101.358433144208,102.211521106312,103.545613308854,0
109.88,0,0,109.112875388333,106.605101445295,110.472103004292,109.831863405309,0,0,0,52.85,93.31,120.613614573346,0,101.450849320659,98.6441357113294,101.572720653064,102.461511054127,103.216304778988,0
109.88,0,0,115.705902657922,110.436334923959,114.721030042918,111.969413911457,0,0,0,42.98,72.18,116.203259827421,0,101.680436543582,98.5582774071163,101.631901607098,102.822467413729,104.008794759535,0
109.88,0,0,120.158784949948,108.242644786982,115.751072961373,116.070730329756,0,0,0,49.85,101.72,123.873441994247,0,101.608782207378,98.4384768494211,101.745433476793,102.967024707825,104.37854799576,0
106.66,0,0,120.055229547808,107.367228535137,114.849785407725,116.626841030543,0,0,0,44.4,94.05,125.790987535954,0,101.316556756781,98.1465883238524,101.631018696858,103.053234833518,104.171422075315,0
106.66,0,0,122.126337590611,106.522709327474,113.787553648069,115.427727331972,0,0,0,40.88,80.94,114.860977948226,0,101.111127528002,96.9062477699091,101.700846509669,102.987509321025,104.002572497018,0
106.66,0,0,125.025888850535,101.084829551306,112.757510729614,116.522570274145,0,0,0,43.4,75.81,111.217641418984,0,99.7861478277272,95.870229183864,100.700405335868,102.497043605933,101.742665606263,0
101.92,0,0,131.377286848464,95.3379793333105,117.424892703863,124.951123082939,0,0,0,33.21,62.63,102.396931927133,94.2862076813324,99.9674190623614,96.1558045988287,100.879220627432,102.520149472954,101.053880000996,0
101.92,0,0,126.372109078357,97.2329980431872,113.43347639485,117.217708650128,0,0,0,37.77,52.68,100.479386385427,87.9253611821869,99.9219934055147,95.634935838062,100.752107520809,102.380834686502,102.11128752203,0
101.92,0,0,127.269589230238,100.538981770744,113.465665236052,118.886040752487,0,0,0,45.54,69.7,118.696069031639,107.94012171313,99.5538428304628,95.2710035797194,100.522265210958,102.091040513986,103.116937132129,0
106.04,0,0,135.62305833621,108.263242816437,118.809012875536,123.647738627971,0,0,0,45.22,62.83,111.409395973154,98.2081548789171,99.7816613431004,95.420884252645,100.612633670825,102.156863109954,103.410420514171,0
106.04,0,0,121.53952364515,105.204435442343,114.527896995708,114.471912064995,0,0,0,53.97,69.45,109.875359539789,101.902629741941,100.476721346058,95.474434284944,100.725464405917,102.464132307948,103.742368791771,0
106.04,0,0,119.054193993787,107.223042328951,114.721030042918,115.427727331972,0,0,0,53.15,77.15,113.902205177373,97.5230809247764,100.946378635792,95.3687453862457,100.784411648417,102.844699529477,103.659405291547,0
109.2,0,0,117.811529168105,107.799787153696,113.851931330472,114.888995090585,0,0,0,50.85,69.97,112.751677852349,95.5271459773906,101.215740270503,95.2337190912116,100.800511776324,102.908968789847,103.317463683238,0
109.2,0,0,120.227821884708,111.270555116894,116.587982832618,114.367641308598,0,0,0,52.98,75.91,119.846596356663,104.950586771798,101.520174135999,95.1022578468715,100.933805254627,103.003431010905,103.976834956608,0
109.2,0,0,124.887814981015,110.714408321604,119.839055793991,118.086631620107,0,0,0,52.13,73.14,121.572387344199,101.082947065381,101.69346460471,94.967974270732,101.028718105436,103.037507310588,104.257213876682,0
108.97,0,0,123.921297894373,110.632016203783,119.06652360515,115.983838032758,0,0,0,52.65,75.54,119.463087248322,103.936343543096,101.783021740146,94.8588688651187,101.083069021097,103.106630744702,104.353941775807,0
108.97,0,0,127.131515360718,111.888496000549,118.969957081545,116.696354868141,0,0,0,48.72,77.47,126.941514860978,101.681390861058,102.15915308112,94.7428561737858,101.275699261123,103.051196080546,104.212715272017,0
108.97,0,0,129.409734207801,109.859590099214,116.877682403433,118.121388538906,0,0,0,56.61,74.99,116.970278044104,105.036029658993,101.433075939253,94.5259822565694,101.130356654837,102.83402034724,101.813090304749,0
106.4,0,0,140.938902312737,103.237323629373,119.871244635193,125.646261458922,0,46,0,41.19,58.38,99.712368168744,95.1914379032938,102.005922375404,94.5807206390997,101.494089705801,103.037118976688,101.142594380213,0
106.4,0,0,138.626164998274,106.986164990216,117.55364806867,121.666594256419,0,46.5,0,49.26,70.65,118.504314477469,95.6913575287765,102.344910800381,94.7584532705719,101.656960677147,103.09624281289,102.854376509262,0
106.4,0,0,141.491197790818,110.910089601428,118.937768240343,123.369683277577,0,48.5,0,52.97,76.62,108.724832214765,103.509652180165,102.770997422105,94.5983973487906,101.586016242562,103.063914015755,103.904241893912,0
110.25,0,0,140.317569899896,112.691819149301,116.781115879828,120.988834339836,0,48.5,0,49.91,68.43,114.669223394056,99.7624140103477,103.533872365768,95.0767083168981,101.824272167642,103.502828405686,104.603492213412,0
110.25,0,0,135.69209527097,112.073878265646,119.903433476395,120.085154451058,0,50.5,0,59.42,81.58,113.518696069032,101.130778571849,104.118150709862,94.6929454640702,101.897761461154,103.644473195536,105.102498811917,0
110.25,0,0,128.960994131861,115.513749184661,120.901287553648,117.078680974932,0,48.1,0,57.43,78.52,123.489932885906,100.490382773687,104.799363005462,94.7290416023467,102.126772796661,103.948053221485,105.077515485145,78.6370546966154
114.19,0,0,129.651363479462,113.793813725154,120.740343347639,116.974410218534,0,49.8,0,58.14,83.13,111.025886864813,101.990693706031,105.553480676247,95.1722219667407,102.356069779599,104.324348770118,104.762442737704,79.0689099569155
114.19,0,0,125.992405937176,116.080194994679,121.995708154506,117.461007081722,0,49.7,0,63.22,94.33,123.873441994247,106.434739353851,105.99376011953,95.42704881947,102.698457177111,104.449198118813,105.845964905968,80.5538859397019
114.19,0,0,134.138764238868,114.257269387895,122.703862660944,121.388538906026,0,48.4,0,54.7,86.33,120.997123681687,100.897868647343,106.651461510114,95.9506656401466,103.04502541429,104.719090178979,106.347516975503,79.9902011788891
113.98,0,0,138.557128063514,116.893817158159,123.090128755365,123.838901681366,0,49.4,0,54.91,86.17,122.531160115053,105.903078277403,107.073191065036,96.3035313869601,103.232955455685,104.809571977567,106.503827752061,87.5484258749489
113.98,0,0,144.632378322402,117.635346218545,125.987124463519,122.570274145197,0,50.3,0,52.1,85.92,124.065196548418,104.68013191028,107.810872671949,96.5634087281725,103.307665242765,104.818503657256,106.391638473349,89.0697686164974
113.98,0,0,145.012081463583,111.981187133098,120.386266094421,122.014163444411,0,69.3,0,54.29,82.08,109.491850431448,104.923275123939,107.69659673179,96.5716529079023,103.026795914627,104.672393027562,104.039623242005,94.7626816443836
110.1,0,0,148.015188125647,107.377527549864,122.575107296137,127.853325802668,0,46.9,0,52.62,85.35,107.38255033557,98.6576873042849,108.388593846204,96.7357195117143,103.028535767159,104.922771309277,103.296251424658,94.3293111024684
110.1,0,0,151.639627200552,111.806103882729,125.343347639485,126.271885997306,0,44.2,0,48.14,69.32,110.450623202301,90.7732374903255,108.901778664673,96.6332243042627,103.194341116656,105.133345366291,105.609990313854,83.9284180965032
110.1,0,0,150.431480842251,112.176868412922,122.736051502146,129.000304123039,0,49.7,0,60.18,95.8,123.106423777565,112.334394850829,109.587261748523,96.6358980922832,103.157051142987,105.271592234519,107.419066002257,101.729946510559
112.82,0,0,154.642733862617,116.450959524872,126.405579399142,128.287787287657,0,47.6,0,57.19,81.19,118.312559923298,104.700543102771,110.29651457304,97.2051178530868,103.484013579246,105.667207394654,108.434049006131,95.6082087856028
112.82,0,0,143.21712115982,116.770228981427,124.763948497854,120.745535908242,0,49.4,0,65.05,90.75,120.038350910834,110.402156002234,110.59163035508,98.1115319920284,103.571395725065,105.764776286908,109.099736818722,103.417970229767
112.82,0,0,122.091819123231,109.808095025576,116.040772532189,102.86310118608,0,47.5,0,61.42,82.97,125.599232981783,104.701036818067,111.074100009566,98.3164481350421,103.622552583093,105.955642398522,109.135656243251,98.5902830040963
114.71,0,0,101.208146358302,94.5243571698308,104.967811158798,88.2130599122388,0,47.8,0,60.2,85.39,123.681687440077,110.191987471958,111.590175159478,99.7308077259847,103.779347054552,106.0538908751,108.978214146235,104.390781026654
114.71,0,0,101.656886434242,98.0466202066669,104.645922746781,88.4737368032324,0,49.1,0,70.19,91.22,134.419942473634,115.723520016409,112.015700970623,99.9104714265829,104.018278146286,106.277571201223,110.353899822673,104.15136653147
114.71,0,0,109.492578529513,98.7263551786879,107.414163090129,91.1152626319677,0,47.1,0,58.54,72.73,129.050814956855,106.334348560708,112.367286063976,100.243283763243,104.389697709928,106.554550355055,111.101702645145,95.8476232807867
113.38,0,0,112.737314463238,98.5203748841361,105.836909871245,90.1073119867924,0,50,0,62.9,83.54,134.419942473634,115.223956353702,112.776764064725,100.359519270244,104.627693955525,106.902594612498,111.463630914871,109.615472035478
113.38,0,0,117.777010700725,99.756256651447,107.349785407725,93.6872746231047,0,49.1,0,57.11,77.78,131.160115052732,109.821012358914,113.246248797358,100.459563505344,104.822765182686,107.025016874321,111.369825593596,103.563437264816
113.38,0,0,120.849154297549,98.0569192213945,105.160944206009,92.818351653126,0,67.4,0,55.72,64.01,110.06711409396,105.442348194547,112.759680911723,99.8987364680486,104.795862388312,106.968611375416,108.952476605825,104.827182131799
110.63,62.4,73,125.612702795996,97.1300078959113,112.113733905579,100.291089194943,70.7336404949834,46.4,0,51.41,70.3,112.751677852349,104.190461684435,113.11950560665,100.036733638661,105.092208613599,107.276754324685,108.288580050625,102.642146042842
110.63,58.9,70.4,127.994477045219,102.155927082976,108.315450643777,99.1093539557718,69.9404930951572,43.5,0,47.22,64,117.737296260786,97.0464456428812,113.41052315754,99.9273311454898,105.237343476298,107.543928047553,110.566776622111,91.9048605183273
110.63,67.8,78,127.580255436659,106.718390607299,108.637339055794,101.107876786723,74.9259910369223,49.9,0,55.68,70.02,126.558005752637,111.935199769093,113.644424307989,100.273215334694,105.4399194405,107.851488495972,112.16363544801,97.158341877838
115.41,66.5,80.4,136.658612357611,110.837996498335,120.354077253219,108.771777381935,78.3176403942747,46.6,0,59.56,77.74,123.681687440077,112.862244697039,114.203164201131,100.860334620857,105.798303094126,108.410786394754,113.182955180305,106.765227317497
115.41,68.2,81.2,134.725578184329,112.465240825294,118.809012875536,108.007125168354,77.9852738648237,50,0,56.76,75.46,121.380632790029,113.282567899537,114.651338131787,101.220627556616,105.96725056536,108.750190222934,113.784723387041,103.843764363607
115.41,67.9,78.1,125.336555056955,112.238662501287,119.163090128755,104.322891775644,72.7505010259703,46.6,0,50.6,62.63,121.76414189837,108.232088088546,115.378666312637,101.562055432453,106.117189498484,109.149397471639,113.845437584933,102.216351909002
119.5,70.4,84.1,119.088712461167,110.405437879776,119.259656652361,101.142633705522,76.1950268766444,48.6,0,78.54,91.33,125.790987535954,117.747799196599,115.584009262865,101.875408534075,106.266193585471,109.381912393976,113.428263166194,111.711106509145
119.5,70.8,84.4,125.129444252675,113.536338356964,120.997854077253,104.87900247643,77.4187400078049,50.2,0,73.57,74.51,128.475551294343,120.701485812087,115.833483691682,102.08433535912,106.554307971167,109.649959868119,114.967518925459,104.883247551557
119.5,67,83.1,127.442181567138,112.187167427649,123.218884120172,104.722596341834,77.8341981696187,46.4,0,82.2,70.81,131.351869606903,117.789002360137,116.579706875096,102.382759810961,107.01087643708,110.004411634904,115.735119855939,106.651581196365
119.24,70.6,90.3,131.929582326545,113.289162003502,126.276824034335,107.381500629969,82.4797757971726,50.3,0,81.76,75.18,143.240651965484,125.40310776178,116.962222828808,102.866121267551,107.096310986781,110.122076806459,115.993155196976,114.796219877464
119.24,67,84.9,140.006903693476,113.701122592605,126.276824034335,112.073684667854,77.9928276495839,49.1,0,65.24,68.66,125.599232981783,114.100936408812,116.957952040558,102.895161576329,107.330126392712,110.216830277941,115.956198728694,110.401903193709
119.24,63.9,75.3,140.628236106317,109.777197981393,123.37982832618,110.926706347482,69.8271863237534,63.9,0,67.88,59.95,114.669223394056,111.102136949413,116.25189152241,102.70331728586,107.105893159681,110.074020486393,113.311360052242,121.202830546057
113.58,68.6,74.3,144.356230583362,106.54330735693,123.572961373391,117.930225485511,70.9375926835102,44.3,44.3,60.33,63.29,106.040268456376,104.40542617723,116.641094063788,102.726787202929,107.326672655597,110.217315695316,112.553281068947,114.784097624544
113.58,63.5,72.3,143.355195029341,107.840983212606,123.057939914163,113.272798366425,70.0613536513212,42.8,42.7,61.9,65.22,118.504314477469,100.67044362251,116.959591333018,103.015482037251,107.589546195606,110.423229745535,115.001175709073,109.335144936687
113.58,71.9,77.8,145.702450811184,108.809090597,124.796137339056,115.010644306382,70.6505488626207,44.2,42.8,63.68,62.64,108.724832214765,110.22805434389,117.027018020246,103.024691751543,107.430700256237,110.536234910295,116.379689686655,113.587025148624
116.31,69.1,77,136.278909216431,111.744309794363,121.062231759657,108.233045140548,68.2559990936213,44.9,43.7,70.66,68.44,116.586768935762,111.028932896721,117.377438353167,103.490376498443,107.655712527715,110.7742835907,117.20828764514,119.523898516539
116.31,73.1,80.1,135.93372454263,110.714408321604,123.830472103004,110.422731024895,70.6883177864219,46.9,45.6,78.59,66.95,122.722914669223,116.094954319679,117.776735484955,104.065018107177,107.699442552547,110.946412591662,117.762917499477,119.326911906578
116.31,66.3,76.9,128.098032447359,111.105770881252,124.603004291845,107.138202198375,65.4913138713698,44,43,72.05,61.37,117.737296260786,110.100854317178,118.037684960991,104.573483462404,107.900875927026,111.215430900554,117.686930475408,112.724829909639
120.25,70.5,82,126.579219882637,111.41474132308,125.536480686695,105.278707042621,70.8922699749487,46.5,46.2,74.23,70.26,126.558005752637,118.595739861317,118.308729027437,104.943283200014,107.899629465511,111.391249073561,117.131169300614,119.399645424102
120.25,73.3,82.2,128.40869865378,111.15726595489,126.856223175966,107.311986792371,71.3757121996047,47.3,46.2,78.43,64.38,125.790987535954,116.937844894398,118.628908728402,105.339078098934,108.147415627593,111.506098824343,118.723314291272,111.895970866185
120.25,70.9,86.6,127.235070762858,111.795804868001,128.272532188841,105.921710040405,73.4152340848723,45.1,46.3,88.59,79.36,134.611697027804,117.726961397665,119.506663562077,106.076820776917,108.511356422143,111.759875027679,119.39503581297,122.868125041039
119.94,73,91.1,138.108387987573,115.503450169934,132.650214592275,110.839814050484,78.4082858113977,48.8,49.3,91.32,87.5,138.638542665388,124.388468300589,120.096032340652,106.437856431571,108.736888052586,111.945789882074,119.627239336892,126.574503871545
119.94,69.7,85.5,140.697273041077,115.874214700127,131.137339055794,110.961463266281,74.7069312788751,49,48.8,72,72.57,124.832214765101,115.66874234053,120.78708039101,106.606676436308,109.078496411652,112.279465785235,119.566619415706,118.629882363637
119.94,70.5,78.3,145.633413876424,118.757938823853,129.785407725322,111.343789373072,66.6848118634893,66,61.8,79.79,67.38,120.230105465005,116.374597737272,119.970669606752,105.739997758227,108.72592957843,112.209565683322,116.676001369841,139.65289949137
117.98,68.5,77.3,145.633413876424,106.852277798757,129.238197424893,117.895468566712,69.0038237848861,47,47.2,68.29,71.31,109.875359539789,108.672600918584,120.836431721905,106.144036836877,109.025106310075,112.45703146079,116.099216489876,119.128410015001
117.98,66.3,74.5,142.63030721436,108.222046757527,123.540772532189,111.708737020463,67.2664532900286,45,44.8,66.94,61.49,112.176414189837,104.51535133889,121.216057344176,106.581498265782,109.363027220491,112.730806859951,118.127014133414,111.895970866185
117.98,71.5,87.9,144.597859855022,111.260256102166,125.922746781116,114.610939740192,76.9504053526694,49.1,50.9,91.5,87.4,132.310642377756,125.533413727056,121.748439140135,107.418988091307,109.152349256439,112.998563083669,119.68257976261,141.154543571923
123.65,69.7,83,152.709699689334,112.403446736929,126.888412017167,118.260416214103,71.6400946662135,49.5,49,74.32,74.97,130.776605944391,118.335060995529,122.348420180424,108.475951350179,109.395383283995,113.36864528991,120.477803767596,132.722001383957
123.65,71.6,87.3,141.732827062478,123.711764907824,121.609442060086,112.560281531042,73.64940141244,51.9,51.4,87.37,77.61,120.230105465005,121.485883534431,123.102839826136,109.39202083475,109.744600251893,113.892798970786,121.060433803258,136.317764656561
123.65,72.5,87,132.550914739386,126.451302825363,121.706008583691,109.310509623322,73.4605567934338,49.7,50.3,101.82,84.67,129.242569511026,119.932968495874,123.795527168954,110.221563568103,109.99513901649,114.233270717189,120.930614780749,137.996696686079
128.14,75.8,91,134.173282706248,127.882865872498,122.06008583691,109.362645001521,78.4309471656784,52.1,52.3,95.41,86.26,133.26941514861,125.64234300639,124.632170273308,110.818486743675,110.391877329663,114.556170354639,120.42170912824,139.871100043943
128.14,78.8,93,133.517431826027,130.632702804765,122.896995708155,109.553808054916,81.4222459307376,50.5,51.8,98.34,86.42,139.980824544583,129.670478295488,125.691627734369,111.619880430923,110.87210259642,115.023530202709,121.802674300147,142.966820383568
128.14,75.5,93.2,142.250604073179,129.891173744378,127.725321888412,114.767345874788,80.258963077659,49.2,50.8,96.7,88.68,142.857142857143,126.69597537005,126.604411659554,112.442590150446,111.329631876418,115.303518944263,122.299983917965,141.251521595288
127.39,77.6,94.5,144.597859855022,130.61210477531,133.583690987124,114.784724334188,80.6290985309113,52.9,52.9,95.25,85.66,135.762224352828,124.852352530672,127.426516828146,113.147059021952,111.62325146714,115.684765750115,122.523702538455,147.788446482779
127.39,73.9,92.9,146.151190887125,129.314428919633,128.047210300429,115.236564278577,76.3007798632879,52,53.3,86.8,90.91,136.33748801534,122.256800134827,128.464706626505,113.742496759734,111.939904627949,116.035237094431,122.451298029169,154.26021426082
127.39,75.2,85.3,151.881256472213,128.521404785609,130.944206008584,115.445105791372,71.3606046300842,73.5,68.4,99.01,85.42,127.51677852349,124.114486266244,127.825770820659,113.102867247725,111.615227371135,116.032227506709,119.541824642344,162.956415449811
122.92,73.6,81.5,154.849844666897,124.391499879845,132.296137339056,123.891037059565,70.7865169883052,49.9,50.7,78.46,78.54,109.683604985618,111.740936180386,128.966545815582,113.995541087116,112.006304671593,116.512499456939,119.054979738758,150.20683594046
122.92,67.3,77,150.500517777011,123.8147550551,127.725321888412,117.600034756919,67.4250827699938,45.9,45.2,81.49,73.73,123.489932885906,107.864604527805,129.494915658942,114.448525340919,112.148011765125,116.812972811692,121.299990910154,141.848542551633
122.92,76.2,88.8,156.98998964446,126.564591987367,132.489270386266,119.459529912673,76.5122858365749,52.9,53,95.82,86.33,132.310642377756,126.909038921862,130.050118131513,115.028217438136,112.445993971151,117.174511672144,122.933900481039,163.954986034154
129.18,79.3,87.5,161.580945806006,129.005458477806,133.969957081545,124.116957031759,74.7371464179161,51.1,50.6,92.08,75.41,131.351869606903,120.335026847784,131.575393486811,116.283783729418,112.89378527056,117.80273883809,123.84470772611,158.339352368638
129.18,84.1,91.5,150.914739385571,129.633698376189,131.587982832618,116.765868705739,75.4849711091808,53.3,52.2,96.35,90.16,124.64046021093,124.230942138833,132.379595856171,117.073071098685,113.215891700499,118.386987189916,124.408765250926,169.084214301228
129.18,83.7,91.9,148.118743527787,129.901472759106,132.070815450644,117.843333188513,76.4669631280134,52.3,51.9,100.5,86.49,132.502396931927,125.26306886278,132.984235938187,117.816087080819,113.597153116523,118.807941136995,124.332401120039,168.919048605183
130.85,84.1,90.9,142.9064549534,130.632702804765,131.845493562232,115.462484250771,75.5378476025026,54.4,52.7,107.5,85.69,129.242569511026,123.410364694619,133.376069975356,118.477849615887,113.869453021742,119.334424821267,123.75750177417,160.059197001763
130.85,85,96.3,142.7338626165,131.672903292252,133.87339055794,116.522570274145,81.0294491232045,54,54.7,109.5,105.62,141.706615532119,129.867974490366,134.330267604788,118.987280505678,114.280681450032,119.7319816509,125.369444872836,173.793709560922
130.85,83.5,92.6,149.87918536417,130.200144186206,138.798283261803,120.258939045054,79.1863256417035,51.9,51.8,101.95,86.5,138.830297219559,123.437872499665,135.308580089089,119.57447406373,114.721721082899,120.196137744299,125.975455531289,170.219160230929
130.13,86,94.2,152.019330341733,130.375227436575,138.347639484979,120.241560585654,79.4658156778328,54.9,53.8,94.05,83.75,130.584851390221,123.362508334345,136.180079727852,120.164044322245,115.181665382083,120.673885524182,126.31136343049,166.329432324998
130.13,81.7,93.1,157.749395926821,130.838683099317,139.699570815451,122.483381848199,79.1334491483817,54.6,55.2,101.69,91.2,135.186960690316,122.206895947583,137.212618281152,120.119926819907,115.581415977252,120.866402054869,126.138365677183,175.013511261068
130.13,82.4,86.9,160.717984121505,130.334031377665,135.482832618026,123.022114089586,76.3083336480481,77.2,70.7,101.81,89.88,123.681687440077,124.235872824955,136.759267637466,120.086207382094,115.466507806301,120.773881503308,123.109160875262,183.249066839072
128.18,83.8,83.6,159.785985502244,151.714785952144,136.545064377682,124.846852326541,75.8475527776729,53.2,52.7,87.18,88.46,114.285714285714,113.702480124283,137.342122385477,120.282062354593,116.011497135963,121.35783860471,122.556133724906,169.973684609285
128.18,76,80.5,166.309975837073,142.548662844588,141.437768240343,123.943172437763,72.047999043267,48.8,46.9,80.86,81.55,121.76414189837,107.460986532244,137.918937634952,120.653347529992,116.6924027067,121.873448939796,125.028634584985,147.353560659249
128.18,86.2,92.8,176.803589920608,144.907137217206,139.603004291845,133.414432810531,81.6337519040246,54.4,55.1,104.14,102.26,133.077660594439,128.435375240313,138.579745053354,120.989576373567,116.723875859964,122.209649013304,126.44787609904,195.822873681074
132.13,83.1,85.8,166.517086641353,137.296165333516,136.706008583691,125.69839683712,73.709831690522,54.9,52,88.77,88.91,121.955896452541,115.949465541724,139.650203029607,121.955482295964,117.174341858041,122.875641650979,127.294386631438,165.538455321922
132.13,89.7,95.7,152.053848809113,142.847334271688,134.130901287554,120.484859017248,81.1427558946083,57.3,56.8,91.57,94.51,125.599232981783,125.455209446981,140.417046786593,122.736154126054,117.498110236667,123.292323925163,127.794147443581,191.796770429784
132.13,84.5,91.5,148.636520538488,135.565930859281,135.772532188841,121.023591258635,77.8266443848584,54.3,52.8,99.56,94.98,128.859060402685,120.530206234513,141.474390423167,123.042748485735,117.739092796312,123.629689000369,127.566846308309,176.653045968593
136.72,89.6,94,145.288229202623,134.762607710529,135.869098712446,119.754963722466,81.7923813839898,55.6,56.1,116.47,104.3,126.941514860978,125.389814405928,142.812657020221,123.4776846704,118.07535175804,124.153454347345,126.952256469719,176.800028285257
136.72,89.8,99.1,151.708664135312,141.003810635449,140.793991416309,120.606508233045,85.8109948764429,57.4,59,115.55,117.33,138.063279002876,132.420024101858,143.832555765872,123.593623089843,118.517352204991,124.674501357025,128.307389824511,186.4857083689
136.72,87.6,93.6,155.333103210217,137.399155480792,143.272532188841,123.891037059565,80.8557120737188,57.1,57.1,105.4,105,139.2138063279,125.442191773124,144.407645444336,124.180445288448,119.025648823794,125.107008237614,128.911609225573,178.632003757898
136.37,90.1,97.9,157.749395926821,138.841017542655,142.467811158798,124.829473867142,83.9754251797021,58.7,59.6,106.56,114.06,138.063279002876,129.488093323455,145.22164042918,124.870876772847,119.452925444095,125.625919410846,129.182371921758,190.048135445973
136.37,88.9,96.3,164.20434932689,145.36029386522,139.538626609442,129.278359473433,82.1096403439203,59.5,60.8,101.03,113.26,136.720997123682,127.42343704507,145.856434864601,125.037097261453,119.875086378593,125.92085900753,129.007582911059,189.067748241011
136.37,89,86.8,170.521228857439,143.032716536785,141.920600858369,128.027110396663,75.9457519795561,81.6,74.8,102.91,95.37,122.339405560882,125.445114750549,144.788435827039,124.688687828007,119.742727746426,125.86057016963,125.913327182826,196.436562735184
134.84,88.1,86.9,171.31515360718,139.428061382128,141.244635193133,135.221792588087,77.1996802497576,57.7,58.1,92.92,110.56,118.504314477469,119.775254009067,145.794228029679,124.860701523991,120.285613672281,126.329289186349,125.357754561441,191.077011662618
134.84,80.8,82.7,170.555747324819,140.766933296715,139.184549356223,130.025633227614,73.1584054030238,53.2,52.5,86.15,94.59,127.900287631831,110.950887256163,146.143785577095,125.435491676504,120.658383569231,126.5907349842,128.080842902877,169.338781612563
134.84,91,96.8,177.114256127028,149.819767242267,140.118025751073,133.414432810531,84.2247000767904,60.7,62.2,107.21,125.05,141.706615532119,134.025910369415,147.07175452717,126.005379884313,120.873943507551,126.977612631596,129.479626371991,199.694418207624
140.77,87.7,90.8,183.224024853297,149.047341137698,145.300429184549,135.673632532476,79.1258953636215,59.2,59.8,102.5,103.41,130.009587727709,121.326418617971,148.333578328467,127.2630257885,121.367490331754,127.696030345705,130.3558340664,198.130647580853
140.77,92.6,100.3,168.795305488436,150.973256891757,143.175965665236,131.554937654777,85.1991383108627,63.3,64.7,110.52,120.28,133.26941514861,131.611357750438,148.997880028166,127.91899511619,121.522752694267,128.087956333795,130.811567657402,207.26931100145
140.77,91.8,97.2,157.542285122541,151.313124377768,141.502145922747,125.29869227093,81.9359032944346,60.6,61.9,105.31,113.41,138.638542665388,126.595647196517,149.817138004591,128.274386107245,121.876591956952,128.540559493684,130.496872016781,199.230742033407
144.75,96,100.1,154.953400069037,151.354320436678,140.987124463519,122.969978711387,85.7883335221622,60.8,63.7,111.2,128.97,135.953978906999,131.620159430988,150.705030567951,128.818873328859,122.133492868866,129.101993228913,129.901043242446,211.280261436588
144.75,95.9,105.5,156.057991025198,154.145353427855,144.045064377682,127.714298127471,89.9504689250601,63.3,67.9,116.83,137.14,149.185043144775,140.980384181928,151.458501149608,129.019630246063,122.532750073019,129.480036280095,131.409187689128,214.806321754898
144.75,91.1,98.8,165.239903348291,154.207147516221,149.130901287554,129.452144067428,85.0480626156577,61.8,63.9,109.07,127.47,141.706615532119,132.58697999201,152.629775612138,129.521633946908,123.129104004294,129.954774472256,132.059979782361,192.883227347803
145.43,93.9,108.7,168.484639282016,155.103161797521,154.216738197425,130.546987009602,92.6773852235104,64.3,69.4,117.95,145.98,152.061361457335,143.12689500053,153.918518321196,130.075182339036,123.630908636037,130.403105959251,132.311792860881,223.361601753686
145.43,92,103.1,176.251294442527,155.875587902091,153.057939914163,135.013251075292,87.2386601961303,65.7,69.5,103.66,137.58,147.267497603068,133.846532442285,155.580976571815,129.961323532497,124.154993767368,130.803284042705,132.132478568352,218.846062540723
145.43,98.6,92.3,178.21884708319,154.63970613478,149.098712446352,132.371725246557,79.8586124853658,89.3,82.8,102.57,119.62,130.968360498562,129.173097338197,155.543919934368,129.302977504344,124.164653844112,130.766295238776,129.013522343461,226.570968214443
143.14,95.1,94.8,181.187435277874,146.894847059631,150.386266094421,141.478037971934,86.0149470649697,64.5,66.4,93.55,138.54,130.968360498562,129.39840772783,156.448895650731,129.553867946932,124.735974673287,131.34772816983,128.450690415807,220.229514655299
143.14,88.6,91.2,179.979288919572,147.698170208383,148.100858369099,138.419429117609,82.3891303800496,60,62.2,89.86,129,141.514860977948,122.941264826546,157.182910419246,129.92812399791,125.147462781059,131.668394887358,131.419369573246,202.928029174222
143.14,94,98,181.808767690715,153.764289882935,146.491416309013,133.692488160925,88.8098474262623,67.5,69.7,86.45,121.45,143.815915627996,133.98249885271,158.486406760442,130.866920680655,125.653058733245,132.447878107167,132.999258592281,224.814756822555
149.69,91.4,99.7,180.635139799793,152.446015997803,144.656652360515,134.7004388061,88.1375605826,64.3,69.2,93.81,123.39,149.185043144775,136.347573811212,159.999430561567,132.24258461719,126.276081747361,133.384636556281,133.844354974106,226.725526939182
149.69,99.6,102.6,176.700034518467,155.381235195166,145.268240343348,137.498370769431,90.7587238944069,70.3,72.3,123,152.87,145.541706615532,138.02979368971,160.887538821303,132.907169484057,126.531762165708,134.010824969255,134.514379515118,223.396453230833
149.69,98.5,103.6,166.689678978253,155.968279034639,145.976394849785,132.441239084155,92.0050983798482,65.5,70.6,111.33,152.57,154.170661553212,137.681128085644,162.138534664511,133.913479314319,127.04595350876,134.921662130576,134.352412136272,229.025724430886
154.86,104.3,108.8,165.377977217812,160.273267190772,146.555793991416,132.997349784942,98.7204130317106,67.7,74,116.82,158.83,150.71907957814,146.313919737682,163.140012939626,134.665036563742,127.518414358994,135.510085071822,133.483275194723,236.252102453241
154.86,104.1,107.1,172.350707628581,162.363967180473,151.384120171674,136.681583177651,98.5768911212659,69.6,72.6,110.05,162.63,151.102588686481,140.928128583289,164.287215686562,135.441474896132,128.212615519229,136.38325384489,135.321482384908,223.307051615543
154.86,99.9,107.8,176.216775975147,160.427752411686,156.276824034335,135.830038667072,96.8848433349698,67.6,74,113.93,160.87,162.991371045062,143.352906863258,166.350222107951,136.321819601874,128.89037896823,137.130990768413,136.149703236574,245.492289742049
146.92,100.8,108.9,181.601656886434,162.662638607573,157.950643776824,141.113090324543,99.8836958847892,70.7,71.8,107.37,167.13,160.882070949185,146.211653311868,166.708580067519,136.991454957225,129.102095650211,137.749315419922,136.477597615868,237.568882176753
146.92,87.8,96.7,189.920607525026,155.968279034639,157.628755364807,143.163748533692,87.9411621788335,69,66.6,93.32,132.1,144.96644295302,132.489095488255,167.332460266301,137.230536169389,129.48283770727,138.456568534421,136.43875561349,215.44425531485
146.92,77.5,79.2,185.91646530894,140.839026399808,154.924892703863,138.019724551419,76.2781185090071,92.7,83.8,95.16,124.24,134.611697027804,128.068842704687,165.803690629707,135.947637822786,128.943067935204,138.301817475462,132.525800980776,245.51047312143
139.67,77.6,78.7,186.572316189161,125.277215146418,153.154506437768,149.315723161142,76.4518555584929,68.3,68.3,71.02,109.58,122.914669223394,117.620042898014,165.813569523741,135.375818545852,129.219938199313,138.930432975308,131.972491000306,202.388588919251
139.67,71.8,76.3,188.988608905765,130.004462906382,146.201716738197,141.408524134335,71.3152819215227,62.3,63.1,72.12,87.78,133.652924256951,113.097842354501,165.94540314893,135.375670002073,129.566740148026,139.480507943977,135.308849306465,186.788764691918
139.67,84.2,88.8,196.651708664135,137.893508187717,152.575107296137,147.543120302385,82.9178953132671,68.3,74,88.9,113.98,141.514860977948,134.766002611096,166.676872700205,135.818107647572,129.616001345832,140.020874565157,137.113588266447,235.580832697757
146.39,80.8,85.5,196.272005522955,139.644340691407,150.804721030043,147.212929573793,77.8795208781802,68.9,68.7,93.62,99.59,143.432406519655,129.670210142211,167.21283505601,136.737667910948,130.011986588507,140.953458424851,138.061634809913,216.694362647298
146.39,85.4,91.6,181.118398343114,137.563939716434,145.944206008584,142.294825563714,81.9812260029961,72.3,74.3,91.37,108.46,137.488015340364,134.031806336995,167.583056316275,137.040548676156,130.431109273061,141.665565713094,138.78341726186,212.17730815272
146.39,89.1,92.4,173.662409389023,140.128394383604,146.684549356223,137.446235391233,83.5675208026486,69.2,78,105.96,111.59,148.801534036433,131.04016190083,167.712474142049,137.271162892922,130.768225177081,142.299812054483,138.520856638993,230.768298288237
153.06,93.6,98,172.523299965482,144.155309142092,148.487124463519,140.852413433549,88.9986920452686,71.7,74.7,103.14,126.1,151.677852348993,136.096433483658,168.466505534284,137.396459570437,131.033617608069,143.114730742623,137.530762685186,230.548582454049
153.06,93.4,100,177.079737659648,149.098836211336,150.289699570815,146.013815875223,91.0382139305361,72.8,76.7,100.06,120.81,149.185043144775,135.498532303427,169.576565365223,138.051908994901,131.601926155249,144.0006174509,139.33672724233,225.963340286792
153.06,90.5,100,183.085950983776,150.468605170105,153.476394849785,146.274492766216,90.7587238944069,71,80.9,96.88,140.36,158.197507190796,137.279836012845,170.515577969764,139.021231424214,131.979863673898,144.62991253507,139.936515638266,232.654823899022
154.75,92.8,106.4,190.507421470487,152.651996292355,156.212446351931,148.220880218969,95.0266122839483,76.7,79.9,97.78,142.58,165.867689357622,143.169825875605,171.738705841155,139.78177557226,132.500936523233,145.240858842488,140.235372792481,233.547324770309
154.75,88.8,102.2,199.585778391439,152.549006145079,155.697424892704,150.254159968719,91.8691302541637,74.9,77.4,85.9,134.17,155.321188878236,137.554448327576,173.583082415536,140.449182770927,133.226247285457,145.886269783489,140.175318531524,233.591267937146
154.75,92.4,94.2,210.735243355195,150.056644581002,158.81974248927,154.146934874223,86.2868833163387,101.2,95.4,95.18,137.03,148.034515819751,138.787551096101,173.00609460896,139.731270687429,133.151251850947,145.957626137525,136.097285388706,250.044195713773
152.53,94.2,91,201.967552640663,138.26427271791,156.148068669528,160.490072555068,84.4815287586389,75.4,75.3,74.45,128.46,130.39309683605,126.216753083112,174.409889765131,139.794698881026,133.656042796737,146.625948778597,135.746010386622,210.172590575959
152.53,86.8,89.1,203.141180531584,144.989529335027,156.309012875536,154.876830169006,81.9736722182358,69.9,71.8,79.83,130,152.636625119847,126.78588898266,175.208311471607,140.577747411578,134.116662262575,147.077386936787,138.791619335178,213.048595081396
152.53,97,105.6,212.702795995858,152.07525146761,162.135193133047,159.065038884303,99.3473771668114,79.1,90.5,102.43,166.75,166.442953020134,153.957241428382,177.112867334973,141.913453071585,134.630126503076,147.601734784613,140.434202362904,265.033361450226
158.86,95,99.6,207.45598895409,153.671598750386,159.206008583691,159.012903506104,92.2770346312172,75.2,77,96.87,149.61,159.53978906999,143.60069638988,178.318308103508,143.538076381582,135.223961543373,148.588879557189,141.502734535105,241.896526469444
158.86,98.8,104.6,195.305488436313,154.742696282056,157.918454935622,151.349002910892,97.3003014967836,79.8,81.4,107.89,153.04,158.964525407478,152.696715399051,179.699239443792,144.569787198039,135.742749213263,149.470300425622,142.256759620093,254.1945520575
158.86,97.4,102.8,187.090093199862,156.339043564832,157.564377682403,150.775513750706,95.321209889598,77.1,80.5,105.02,160.41,166.059443911793,146.270398748106,180.693556599214,145.426513442933,136.139046071317,150.115711366622,141.971384034664,260.381446891905
163.63,103.2,107.1,180.324473593372,157.605822376326,156.952789699571,146.813225007603,97.3305166358246,79.7,84,105.91,178.13,168.360498561841,151.034989293939,182.03618026307,146.128976973424,136.587720280965,150.942571322173,141.209816813292,251.432193673194
163.63,103.4,108.4,188.160165688643,159.181571629647,160.783261802575,153.138984229048,100.767488701738,80.5,87.4,111.92,179.21,172.195589645254,156.868591042808,184.174205884132,147.113747955744,137.351074087357,151.899037716687,143.316241228633,261.190607274362
163.63,102.8,106,195.305488436313,158.65632187854,167.896995708155,154.737802493809,98.8639349421554,79.5,85.7,107.36,192.71,173.92138063279,155.394754341989,185.839727023294,147.984140228298,138.008868184163,152.552894920002,144.081108134673,263.254420834112
163.55,100.8,108.2,197.204004142216,158.95499330564,163.905579399142,155.554590085589,100.019664010474,83.4,88.7,103.86,176.57,171.620325982742,156.293396091265,187.480788193384,148.819624712808,138.59709414764,153.190927516911,144.510067141512,257.558477242996
163.55,99.1,107.3,201.346220227822,157.750008582512,159.881974248927,155.763131598384,98.8563811573952,82.4,90.6,98.27,183.68,172.770853307766,150.962457834466,189.102393550333,149.294444902111,139.256342449547,153.814300509114,144.516855064258,274.834202936616
163.55,102,96.2,217.638936831205,156.225754402829,166.802575107296,161.654429334839,92.4205565416619,111.6,109.8,112.82,162.91,159.156279961649,152.298946303168,188.029045242638,148.810266454736,139.254446789326,153.743720822876,140.278080139756,286.233666526924
160.45,99.4,92.8,215.740421125302,148.99584606406,172.145922746781,170.482686709823,89.7163015974923,81.7,83.9,79.89,150.57,138.446788111218,139.797439715719,189.586588775829,149.171376381279,139.860279021709,154.623782522661,139.91124948138,242.401115247269
160.45,90.7,95.7,218.536416983086,149.201826358612,168.122317596567,163.444410652996,91.9522218865264,75.9,82.3,87.05,156.32,165.484180249281,142.541206191791,191.353012679819,150.036940981019,140.715896948188,155.261135535246,143.613307125457,250.032073460853
160.45,97,104.8,219.986192613048,156.421435682653,170.05364806867,165.234391971152,98.5844449060261,82.2,88,97.99,171.91,167.209971236817,157.436825827907,192.364671823895,151.173672249169,140.67432226306,155.599859779101,145.188199479137,265.263684255719
166.33,96.5,97.6,217.397307559544,157.935390847609,166.770386266094,160.524829473867,90.5396641363596,82.9,86.3,97.92,170.17,164.525407478428,150.80888956788,193.907677421324,153.327259955884,141.274415578882,156.652924231121,146.394564193755,251.807983513736
166.33,101.7,107.4,207.17984121505,157.111469669402,166.512875536481,158.804361993309,101.386899052079,84.8,91.9,110.44,182.44,172.579098753595,162.91012550877,194.792291399765,154.388308168676,141.740280570264,157.391244057581,147.185074363501,275.458498962032
166.33,101.2,102.9,197.411114946496,158.470939613444,166.995708154506,154.112177955424,100.140524566638,82.5,88,112.95,179.35,176.222435282838,155.889325307842,195.330151883682,155.212354782209,142.30804379053,158.277810350183,146.94759134411,273.935640938869
169.41,104.2,106.2,195.167414566793,158.975591335096,167.381974248927,158.630577399314,101.069640092148,85.3,90.1,105.28,177.49,175.838926174497,161.023766639412,196.128228475955,155.771622109825,142.805849358244,158.9498221633,146.166131738025,261.310314521954
169.41,104.3,111.2,202.934069727304,163.270280476501,173.948497854077,159.899204935482,105.609464733059,85.7,92.1,122.01,204.57,189.261744966443,167.650905652387,197.313480063669,156.616836211854,143.420536660976,159.649599850233,148.188932716209,290.88709636686
169.41,101.4,105,211.011391094235,162.013800679735,180.19313304721,165.512447321545,104.181799413372,83.6,89.7,109.09,189.23,192.713326941515,162.968620804731,198.748162940925,157.462050313882,144.138784141279,160.400346361477,149.013099669568,274.658430269266
167.75,102.7,106.5,212.495685191577,161.39585979608,178.744635193133,162.749272277013,105.012715736999,87,90,104.3,186.07,181.016299137105,162.973817414975,200.114599484723,158.328580448185,144.607142055692,161.198857942363,149.407176295631,263.693852502488
167.75,102.6,104.3,214.29064549534,159.46994404202,173.015021459227,161.671807794239,102.0289707567,87.9,93.4,105.29,197.98,182.55033557047,159.294503100826,201.075656258921,158.556000973704,145.180514352777,161.805144242986,149.261707340125,281.301424869812
167.75,104.2,95.1,224.301001035554,157.389543067047,176.394849785408,164.799930486162,94.535616274532,119,114.5,109.7,170.43,166.826462128476,157.53432719927,199.975863575493,158.174763365118,144.979704209056,161.938148603572,144.645825596424,300.716728203937
163.19,92.4,88.2,223.196410079392,150.025747536819,176.072961373391,170.308902115827,93.5,88,90.8,81.92,164.09,152.828379674017,146.514930347899,201.360030361422,158.34298919474,145.498777526377,162.780056497728,144.392504090627,256.315946318623
163.19,93.6,89.4,228.098032447359,155.092862782794,177.875536480687,168.657948472868,93.6,83.9,84.9,92.22,151.73,173.729626078619,144.600713010772,202.216129278917,158.847072508489,145.933506947822,163.563617223482,148.263694143115,244.969517584843
163.19,98.6,99.8,242.9064549534,160.448350441141,184.603004291846,178.494156493027,102.8,92.5,97.1,105.33,172.54,184.851390220518,167.883131840539,203.497452032631,159.746059458485,146.170516411386,164.397855523123,150.435735144996,291.368955920458
167.97,96.2,92.3,236.658612357611,159.943698719489,182.832618025751,172.533344918973,95,87.8,88.8,96.78,168.79,173.346116970278,152.97232573993,204.134705406742,161.176387505661,146.770298111829,165.556838046237,151.606368988495,278.514821979665
167.97,104.3,102.2,221.50500517777,157.20416080195,180.128755364807,165.651474996742,103,91.7,96.5,114.5,184.89,181.591562799616,164.620895762693,204.521578427256,161.81059516974,147.035482799231,166.432919323551,152.276393529507,303.438173984635
167.97,100.5,98,216.845012081464,156.122764255553,176.427038626609,166.92010253291,97.7,90.2,99,97.55,173.36,183.509108341323,156.19533341512,204.700175026825,162.154771105487,147.417679061392,167.230460069688,151.98517278838,296.904279660375
173.63,103.9,104.6,208.249913703832,156.68921006557,173.62660944206,161.167832471651,102.3,91.4,99.3,107.71,172.18,186.001917545542,162.467795483271,205.269225206753,162.51038491221,147.870923629931,168.261777823335,151.329761136613,285.354803190173
173.63,104,112.5,217.707973765965,161.014796251159,181.802575107296,167.111265586306,108.3,94.2,106.5,114.64,182.88,203.068072866731,176.358558210452,205.624994809806,162.70215493079,148.165711778323,169.152712872306,153.491148870852,296.405752009011
173.63,97.5,104.2,224.439074905074,160.386556352776,187.886266094421,169.422600686449,101.3,90.8,91.5,103.27,165.18,190.412272291467,163.95496825166,206.302755963385,163.094459050906,148.53175597668,169.904818552199,154.42646805917,267.033533182142
171.92,108.1,112.3,227.545736969279,160.129080984586,188.81974248927,170.100360603033,109.3,94.9,103.1,113.66,191.38,204.602109300096,174.397557885752,206.774181963404,163.440491783889,148.724126537224,170.433340989444,154.761244637914,304.510993368117
171.92,97.3,105.8,243.389713496721,159.325757835834,189.302575107296,177.938045792241,102.4,95.3,100.1,107.16,194.98,200.958772770853,164.512284117291,207.572862505531,163.726438558301,149.069214601353,171.028074356557,154.584947199939,289.485460872903
171.92,103.5,90.8,244.390749050742,152.775584469086,183.991416309013,176.095929095886,90.9,125.1,120.3,103.01,165.79,175.263662511985,153.327287926065,206.257244027987,162.29819012403,148.687096243037,170.794976933371,149.947853197658,299.586328119081
167.63,94.3,94.5,248.360372799448,147.337704692918,189.849785407725,189.633748968154,95.4,93.3,97.1,82.76,189.86,174.113135186961,156.782289818015,206.768142464868,162.091714271337,148.788111561681,171.198650021921,149.65248428152,275.043311799498
167.63,85.4,88.4,242.83741801864,152.322427821072,183.637339055794,182.004605291741,88.7,83.7,85.9,79.87,157.56,183.892617449664,144.418906573119,207.439993537737,162.613845654225,149.115073997941,171.626885229615,153.530933640277,262.930150568483
167.63,89.6,98.7,246.703486365205,156.009475093549,186.37339055794,179.971325541991,100.6,96.6,100.2,98.04,178.85,182.358581016299,163.906391262272,208.101318627442,163.441234502783,149.268570539973,172.483258561529,155.423915595952,288.002000171732
174.73,90.6,103.2,243.389713496721,160.5822376326,183.733905579399,179.015510275014,104.1,89.3,96.9,105.89,200.35,198.274209012464,169.775657583658,208.701644781933,165.072690826611,149.633316340918,173.588845173459,156.744826506901,304.183692539258
174.73,95.5,106.2,235.86468760787,160.345360293865,183.476394849785,177.97280271104,103.2,95.8,100.7,112.55,195.52,191.37104506232,169.924529362037,208.812555858621,165.82603060138,149.495088952449,174.207072741493,157.387982187045,319.719874938757
174.73,97.1,102.3,227.649292371419,157.842699715061,180.708154506438,175.366033801104,100.3,91.7,97,111.72,177.45,188.878235858102,163.381158224709,209.083858760719,166.618288846225,149.957967629784,175.133831592694,157.298796424305,300.136375345358
178.42,100.6,109,222.782188470832,159.531738130386,184.474248927039,174.149541643133,105.9,97,103,111.71,217.14,198.657718120805,171.770223960898,209.341357094734,167.009478887999,149.966225437323,175.974768652102,156.478683369251,297.346741891981
178.42,101.9,113.3,227.856403175699,163.610147962512,188.143776824034,178.633184168223,109.3,100,105.6,117.01,193.81,208.437200383509,176.94813739438,209.869770077369,167.50643210036,150.365690385062,176.829200314518,158.524582140111,300.039397321992
178.42,97.2,108.6,233.344839489127,160.602835662055,190.525751072961,178.129208845636,104.8,94.6,98.6,111.33,179.87,201.725790987536,171.209047845575,210.75610962682,168.037476109983,150.952981502403,177.715960774069,159.454621832961,302.395660233454
176.26,104,113.7,244.080082844322,162.59054550448,192.650214592275,183.238475909111,110.9,100,105.4,121.77,222.19,212.847555129434,179.707338819629,210.981382922218,168.236673317508,151.208012722044,178.514084021055,159.962207611603,314.831576448483
176.26,100.2,106.9,254.815326199517,162.827422843215,193.648068669528,186.12330016944,103.6,102,106.1,111.92,182.7,204.218600191755,164.557148896771,211.595125391314,168.420421972026,151.778346769186,179.290751820093,159.81758714644,303.86548340009
176.26,99.9,88.9,261.373835001726,157.791204641423,191.748927038627,186.036407872442,86.8,129.9,123.7,111.01,172.92,173.92138063279,154.951772899595,210.155567775954,167.064885717534,151.455565172593,179.19182375919,155.382716675954,335.128773682589
173.44,96.2,92.2,266.931308249914,149.397507638436,199.345493562232,204.700873267585,92.2,99.2,101.7,85.69,195.49,176.989453499521,156.102388789916,210.816073219429,166.792827786451,151.505579440898,179.929269834376,155.767177078128,286.653399534303
173.44,86.8,93,282.844321712116,154.371931751862,204.206008583691,206.039014641352,93.2,90.9,92.9,87.2,173.82,200.575263662512,158.470866218944,212.371028396104,167.78309488859,152.449176776007,180.774284399729,160.369105869518,295.35111600491
173.44,97.5,97.3,267.138419054194,155.618112533901,195.675965665236,195.837858973802,96.8,95.6,94.6,95.94,166.11,186.385426653883,161.321677959034,212.532067310643,168.576318667998,152.317129759219,181.63716232446,162.121049874812,305.771707671871
173.95,95.9,96,261.408353469106,155.957980019911,191.587982832618,186.992223139419,94,95.3,96.9,108.07,182.25,195.397890699904,159.915188311397,212.940251133134,170.081884139195,152.705818008439,182.731584336779,163.338822070711,306.603597278554
173.95,102.8,101.6,252.606144287194,153.300834220193,190.87982832618,188.660555241778,98,100.2,101.4,112.41,191.39,198.657718120805,165.524494865039,213.041800987091,170.499217886057,153.012473509176,183.664459446898,164.223797498666,312.879893728249
173.95,101.1,94.1,236.900241629272,149.89186034536,188.497854077253,179.032888734414,88.4,92.6,91.2,110.12,171.28,188.30297219559,150.65201179135,213.364396487471,170.591166485206,153.491841833642,184.674030502172,163.528412524063,312.985963441306
177.27,107.4,104.1,234.898170521229,148.99584606406,189.817596566524,183.447017421906,98.1,96.1,97.9,126.71,205.27,197.698945349952,165.575470810212,213.432427124553,170.992977407172,153.459875289361,185.532248420108,163.224935811313,295.940560553179
177.27,110.9,105.8,241.525716258198,155.175254900615,192.489270386266,182.87352826172,101.2,99.1,98.5,112.86,185.01,207.861936720997,165.43118382334,214.075892554301,171.222626089375,153.945761568835,186.602399563707,165.337582489171,289.647596005718
177.27,107.7,105.3,247.600966517087,153.136049984551,200.085836909871,183.290611287309,101,95.1,97.4,110.06,200.14,215.340364333653,165.346302174441,215.005630214662,171.455691278493,154.412379630715,187.358971083444,166.39018189826,313.4875216559
175.88,112.2,108.9,262.547462892648,153.26993717601,207.457081545064,192.761871660077,104.6,102.2,102.9,105.61,190.85,223.010546500479,174.271700819578,214.622726007472,171.576308826973,154.442710194257,187.965645717968,166.546209844703,315.608915917023
175.88,105.7,99.1,274.732481877805,155.525421401353,205.49356223176,197.610461832559,95.6,103.5,103.6,91.7,176.26,197.315436241611,159.688037420633,214.973232618943,171.539247154133,154.908393410001,188.619017503908,166.303918713368,298.952940403974
175.88,110.6,84.8,271.17707973766,150.859967729754,198.733905579399,193.960985358648,81.3,130.3,121,106.25,173.64,183.317353787152,153.085310862147,213.071135694267,170.183636627752,154.309754299281,188.346504189921,160.669377174306,343.197648282933
170.68,107.4,85.7,277.873662409389,142.445672697312,201.083690987124,217.265499413477,84.5,99.8,96.7,87.83,174.25,184.084372003835,147.921162075177,213.198784809755,169.441289092622,154.120967315593,188.73406142164,160.861513098688,283.666779470965
170.68,98.1,81.9,279.772178115292,148.511792371863,202.467811158798,203.831950297606,82.4,87.9,83.3,80.07,158.86,175.263662511985,133.732205986848,213.398433375649,169.468101244716,154.275113056332,189.020166422111,164.460337751009,262.080077582419
170.68,107.7,92.7,272.454263030721,150.849668715026,195.901287553648,193.439631576661,93.6,95.9,93.9,114.28,182.55,195.014381591563,163.272239161402,214.064029253605,170.031973429479,154.372700605808,189.917314813474,166.187958366464,325.377936489497
169.24,107.1,86.5,273.524335519503,150.180232757733,195.450643776824,190.363644262936,85.4,92.1,88.9,105.73,156.89,190.412272291467,149.927701468412,213.242916288344,170.443216881406,154.186977840013,190.589229543116,166.809053297685,299.893930286944
169.24,110.5,90.9,253.538142906455,146.760959868173,190.718884120172,183.168962071512,84.9,95.7,90.9,117.56,150.83,180.249280920422,153.025412983835,212.139456766519,170.205621107031,153.950929190534,190.765921467397,167.146092517344,296.319380956951
169.24,109.8,90.3,243.251639627201,145.370592879948,189.077253218884,175.435547638702,81.9,90.1,87.9,137.39,165.15,195.397890699904,147.981201104242,211.210495613113,169.471146392184,153.822258007017,191.444437873331,166.166934661294,316.375648414258
169.72,111.3,93.5,235.174318260269,143.063613580967,189.495708154506,175.400790719903,86.9,92.4,91.1,129.42,177.9,193.096836049856,156.403336656654,210.245815139793,168.46513364948,153.539389146865,192.078490047771,164.750898555202,293.923720723496
169.72,115,95.4,243.355195029341,146.554979573621,197.864806866953,178.945996437416,86.9,92.2,89,111.73,140.41,195.206136145733,157.021732094249,209.737159945226,168.193372805954,153.483843705585,192.5796349451,166.36915819309,282.165135390412
169.72,110.7,92.3,246.254746289265,143.743348552988,199.796137339056,181.066168484164,83.1,89.1,86.2,118.72,148,198.274209012464,154.263306725405,208.879206038895,167.6378933447,153.162594217938,193.092041525515,166.452121693313,298.957486248819
166.06,111.5,95.5,262.409389023127,144.845343128841,205.075107296137,193.439631576661,87.3,96.4,90.7,120.01,157.26,201.534036433365,160.104615931371,208.002961079854,167.055676003241,152.793329993999,192.969619263691,166.233399738178,283.351600895026
166.06,95.2,86.6,267.828788401795,142.404476638402,206.394849785408,193.161576226268,79.5,95.4,89.9,103.05,146.04,183.317353787152,147.862356061972,207.781009508651,166.663668970684,152.681901528112,193.005151815497,165.555173123848,288.894501043019
166.06,98.3,74.6,269.968933379358,137.254969274606,203.562231759657,192.327410175088,64.8,120.9,107.8,130.36,120.11,175.071907957814,144.614591205131,205.519346724699,164.541498273209,151.857678851052,192.783898576247,159.554178033229,325.603713450145
161.72,89.5,74.6,267.725232999655,129.129046654537,196.641630901288,205.430768562367,68,89.2,83,90.88,122.35,153.403643336529,133.042556801194,205.275049008913,163.502211724028,151.798809512397,193.060295229229,159.657599578395,247.315173525
161.72,87,74.4,266.448049706593,137.677228878437,195.225321888412,197.280271103967,71.3,84.2,78.7,109.91,123.3,153.403643336529,134.931634118921,204.252216792545,162.855972013857,151.565175882104,193.170582056692,162.681242054732,255.926518943546
161.72,90.5,82.8,269.416637901277,141.34367812146,205.139484978541,196.672025024982,78,90.4,86.4,131.69,140.94,184.851390220518,151.260386502937,203.566388594493,162.832056465452,151.045453366077,193.722598694858,163.909667518273,287.883808205755
163.49,90.5,82.1,278.32240248533,142.229393388033,207.167381974249,204.770387105183,75.1,85.8,80.7,124.4,125.19,183.892617449664,145.201244147342,203.047638809516,162.983125488608,150.747912615171,194.527032367711,164.380202551929,264.225716349384
163.49,98.1,84.8,254.711770797377,142.486868756222,205.332618025751,189.981318156145,77,87.1,81.6,135.08,138.68,175.071907957814,144.189269271754,202.355684834377,162.480898972096,150.252392226902,195.051671465961,164.4621290084,278.379961915922
163.49,96.2,86.6,236.382464618571,141.745339695836,199.442060085837,184.454968067081,76,85.7,80.9,127.14,156.5,185.6184084372,143.601741280799,201.578228815677,161.944581658322,149.948047873557,195.467577072346,163.570554211109,283.41524272286
165.17,101,88.2,230.790472903003,143.60946136153,196.255364806867,180.40578702698,77.8,87.2,81.4,121.35,141.33,182.74209012464,144.153774580038,201.233891120567,161.6037479576,149.56888986134,195.544564267925,162.386344522119,246.896955799235
165.17,101.8,91.9,232.999654815326,145.113117511758,201.888412017167,181.22257461876,80.8,87.1,82.2,123.68,153.55,190.795781399808,149.740354695303,200.997401613603,161.028066542414,149.350525384611,196.045709165254,163.752508251372,264.110554946637
165.17,100.4,89.4,241.560234725578,143.712451508806,205.654506437768,189.251422861363,74.3,84,78.9,114.53,143.18,191.946308724832,143.697327246523,200.463725639386,160.737811998413,149.189030714521,196.462294355963,164.053156662979,266.985044170459
161.92,101.8,88.7,242.69934414912,142.229393388033,204.75321888412,188.660555241778,74.4,88.6,81.6,98.95,135.73,180.249280920422,141.771562233671,199.837472780465,160.361104975084,148.915016924718,196.644228787888,163.975378381519,259.129824277842
161.92,99.4,84.8,253.192958232654,141.98221703457,204.527896995708,193.491766954859,71.6,91.8,85.2,111.81,137.53,176.989453499521,138.257981340779,199.500339344324,159.539435062014,148.67364484585,196.580153694467,163.231346627239,270.136829929842
161.92,105.3,73.7,259.785985502244,137.872910158262,204.527896995708,197.367163400965,60.8,115,100.5,111.35,136.77,163.566634707574,138.039985913897,197.868941371892,157.903745240487,147.986221320105,196.319678731365,157.626973633713,294.575291817984
161.71,101.7,74.8,268.381083879876,134.062274709053,208.100858369099,206.473476126341,65.6,88.1,83,100.59,146.55,153.978906999041,128.839361983629,198.009834244884,157.143572451888,147.80109581712,196.521224025215,157.92941330271,253.345994353051
161.71,92.6,73.6,264.756644804971,136.060283566205,200.536480686695,196.897944997176,65,81.1,74.9,103.74,128.28,173.729626078619,127.943034794165,198.159872644232,157.336976452036,147.983754365023,196.854705761427,161.274727895825,225.711803538688
161.71,98.6,83.7,274.628926475664,141.910123931477,205.976394849785,210.401007950645,75.5,87.5,84.8,132.49,149.95,188.686481303931,149.432493534392,197.963157549055,157.480469742468,147.399423593781,197.028291014512,162.294236181529,300.871286928676
164.17,96.2,77.3,265.239903348291,143.35198599334,204.624463519313,193.07468392927,65.2,87.3,80.2,118.34,122.12,166.634707574305,132.374911196387,198.05098911348,157.988489466358,147.469329310437,197.806415065673,162.877714707535,243.325437032472
164.17,103.2,88.5,248.360372799448,139.057296851934,202.918454935622,189.633748968154,72.4,89.4,85.6,137.26,138.94,179.482262703739,148.918103410548,198.047235996533,157.884508821118,147.353564197193,198.339791676662,163.128867849122,283.821338195704
164.17,102.4,86.7,239.454608215395,142.280888461671,200.826180257511,186.870573923622,70.7,88.2,84.4,139.05,144.72,188.111217641419,141.111748325389,198.036019784966,157.546943083532,147.324921550287,199.045200205137,162.347785349856,298.666552178722
167.51,104,90.7,229.651363479462,143.702152494078,196.030042918455,180.544814702177,73.3,89.9,86,135.25,144.49,187.535953978907,147.516311475274,198.52569369842,157.592917383107,147.300511678944,199.596828509404,161.426324837143,253.41721258896
167.51,103.8,95.8,231.687953054884,145.957636719421,201.598712446352,181.344223834557,78.8,90.2,88.5,139.31,161.73,194.630872483221,156.314744806008,198.665076696778,157.666817913117,147.258443602799,200.210007736744,163.079184025692,282.422733264977
167.51,101.9,91.9,245.702450811184,145.5765731745,206.716738197425,192.310031715688,73.8,89.2,86.1,129.13,157.76,195.206136145733,149.05361992631,198.753512211057,157.702839779504,147.154130354729,200.406019272526,163.52973239793,270.720213351651
165.35,103.8,94,252.537107352434,145.8752446016,210.225321888412,193.231090063866,75.7,90.9,87.8,127.63,157.24,191.17929050815,153.436180624093,199.082578602725,157.891490378727,147.161738963562,200.861729103611,163.609113383372,280.811988908139
165.35,100.1,89.3,258.405246807042,146.657969720897,206.105150214592,198.340357127341,74.5,97.3,92.6,114.56,150.16,186.577181208054,145.621619897447,199.532564382942,157.840168503111,146.940388172785,200.945803392857,163.070133462031,287.959572286509
165.35,101.3,78.2,263.306869175009,143.94932884754,202.596566523605,197.923274101751,65.3,119.5,107.4,118.43,141.13,165.484180249281,141.511054696271,198.694195707577,156.835269838749,146.65993433182,200.626204593553,157.375631938716,323.191385118924