gdp;mining;ind;eletco;eletin;eletot;eletho;constr;retail;rtailb;export;import;diesel;truckt;jobrtl;jobtrs;jobacc;jobhlt;jobedc;credit
113.58;68.6;74.3;144.3562306;106.5433074;123.5729614;117.9302255;70.93759268;44.3;44.3;60.33;63.29;106.0402685;104.4054262;116.6410941;102.7267872;107.3266727;110.2173157;112.5532811;114.7840976
113.58;63.5;72.3;143.355195;107.8409832;123.0579399;113.2727984;70.06135365;42.8;42.7;61.9;65.22;118.5043145;100.6704436;116.9595913;103.015482;107.5895462;110.4232297;115.0011757;109.3351449
113.58;71.9;77.8;145.7024508;108.8090906;124.7961373;115.0106443;70.65054886;44.2;42.8;63.68;62.64;108.7248322;110.2280543;117.027018;103.0246918;107.4307003;110.5362349;116.3796897;113.5870251
116.31;69.1;77;136.2789092;111.7443098;121.0622318;108.2330451;68.25599909;44.9;43.7;70.66;68.44;116.5867689;111.0289329;117.3774384;103.4903765;107.6557125;110.7742836;117.2082876;119.5238985
116.31;73.1;80.1;135.9337245;110.7144083;123.8304721;110.422731;70.68831779;46.9;45.6;78.59;66.95;122.7229147;116.0949543;117.7767355;104.0650181;107.6994426;110.9464126;117.7629175;119.3269119
116.31;66.3;76.9;128.0980324;111.1057709;124.6030043;107.1382022;65.49131387;44;43;72.05;61.37;117.7372963;110.1008543;118.037685;104.5734835;107.9008759;111.2154309;117.6869305;112.7248299
120.25;70.5;82;126.5792199;111.4147413;125.5364807;105.278707;70.89226997;46.5;46.2;74.23;70.26;126.5580058;118.5957399;118.308729;104.9432832;107.8996295;111.3912491;117.1311693;119.3996454
120.25;73.3;82.2;128.4086987;111.157266;126.8562232;107.3119868;71.3757122;47.3;46.2;78.43;64.38;125.7909875;116.9378449;118.6289087;105.3390781;108.1474156;111.5060988;118.7233143;111.8959709
120.25;70.9;86.6;127.2350708;111.7958049;128.2725322;105.92171;73.41523408;45.1;46.3;88.59;79.36;134.611697;117.7269614;119.5066636;106.0768208;108.5113564;111.759875;119.3950358;122.868125
119.94;73;91.1;138.108388;115.5034502;132.6502146;110.8398141;78.40828581;48.8;49.3;91.32;87.5;138.6385427;124.3884683;120.0960323;106.4378564;108.7368881;111.9457899;119.6272393;126.5745039
119.94;69.7;85.5;140.697273;115.8742147;131.1373391;110.9614633;74.70693128;49;48.8;72;72.57;124.8322148;115.6687423;120.7870804;106.6066764;109.0784964;112.2794658;119.5666194;118.6298824
119.94;70.5;78.3;145.6334139;118.7579388;129.7854077;111.3437894;66.68481186;66;61.8;79.79;67.38;120.2301055;116.3745977;119.9706696;105.7399978;108.7259296;112.2095657;116.6760014;139.6528995
117.98;68.5;77.3;145.6334139;106.8522778;129.2381974;117.8954686;69.00382378;47;47.2;68.29;71.31;109.8753595;108.6726009;120.8364317;106.1440368;109.0251063;112.4570315;116.0992165;119.12841
117.98;66.3;74.5;142.6303072;108.2220468;123.5407725;111.708737;67.26645329;45;44.8;66.94;61.49;112.1764142;104.5153513;121.2160573;106.5814983;109.3630272;112.7308069;118.1270141;111.8959709
117.98;71.5;87.9;144.5978599;111.2602561;125.9227468;114.6109397;76.95040535;49.1;50.9;91.5;87.4;132.3106424;125.5334137;121.7484391;107.4189881;109.1523493;112.9985631;119.6825798;141.1545436
123.65;69.7;83;152.7096997;112.4034467;126.888412;118.2604162;71.64009467;49.5;49;74.32;74.97;130.7766059;118.335061;122.3484202;108.4759514;109.3953833;113.3686453;120.4778038;132.7220014
123.65;71.6;87.3;141.7328271;123.7117649;121.6094421;112.5602815;73.64940141;51.9;51.4;87.37;77.61;120.2301055;121.4858835;123.1028398;109.3920208;109.7446003;113.892799;121.0604338;136.3177647
123.65;72.5;87;132.5509147;126.4513028;121.7060086;109.3105096;73.46055679;49.7;50.3;101.82;84.67;129.2425695;119.9329685;123.7955272;110.2215636;109.995139;114.2332707;120.9306148;137.9966967
128.14;75.8;91;134.1732827;127.8828659;122.0600858;109.362645;78.43094717;52.1;52.3;95.41;86.26;133.2694151;125.642343;124.6321703;110.8184867;110.3918773;114.5561704;120.4217091;139.8711
128.14;78.8;93;133.5174318;130.6327028;122.8969957;109.5538081;81.42224593;50.5;51.8;98.34;86.42;140.1725791;129.6704783;125.6916277;111.6198804;110.8721026;115.0235302;121.8026743;142.9668204
128.14;75.5;93.2;142.2506041;129.8911737;127.7253219;114.7673459;80.25896308;49.2;50.8;96.7;88.68;143.0488974;126.6959754;126.6044117;112.4425902;111.3296319;115.3035189;122.2999839;141.2515216
127.39;77.6;94.5;144.5978599;130.6121048;133.583691;114.7847243;80.62909853;52.9;52.9;95.25;85.66;135.7622244;124.8523525;127.4265168;113.147059;111.6232515;115.6847658;122.5237025;147.7884465
127.39;73.9;92.9;146.1511909;129.3144289;128.0472103;115.2365643;76.30077986;52;53.3;86.8;90.91;136.337488;122.2568001;128.4647066;113.7424968;111.9399046;116.0352371;122.451298;154.2602143
127.39;75.2;85.3;151.8812565;128.5214048;130.944206;115.4451058;71.36060463;73.5;68.4;99.01;85.42;127.5167785;124.1144863;127.8257708;113.1028672;111.6152274;116.0322275;119.5418246;162.9564154
122.92;73.6;81.5;154.8498447;124.3914999;132.2961373;123.8910371;70.78651699;49.9;50.7;78.46;78.54;109.683605;111.7409362;128.9665458;113.9955411;112.0063047;116.5124995;119.0549797;150.2068359
122.92;67.3;77;150.5005178;123.8147551;127.7253219;117.6000348;67.42508277;45.9;45.2;81.49;73.73;123.4899329;107.8646045;129.4949157;114.4485253;112.1480118;116.8129728;121.2999909;141.8485426
122.92;76.2;88.8;156.9899896;126.564592;132.4892704;119.4595299;76.51228584;52.9;53;95.82;86.33;132.3106424;126.9090389;130.0501181;115.0282174;112.445994;117.1745117;122.9339005;163.954986
129.18;79.3;87.5;161.5809458;129.0054585;133.9699571;124.116957;74.73714642;51.1;50.6;92.08;75.41;131.3518696;120.3350268;131.5753935;116.2837837;112.8937853;117.8027388;123.8447077;158.3393524
129.18;84.1;91.5;150.9147394;129.6336984;131.5879828;116.7658687;75.48497111;53.3;52.2;96.35;90.16;124.6404602;124.2309421;132.3795959;117.0730711;113.2158917;118.3869872;124.4087653;169.0842143
129.18;83.7;91.9;148.1187435;129.9014728;132.0708155;117.8433332;76.46696313;52.3;51.9;100.5;86.49;132.5023969;125.2630689;132.9842359;117.8160871;113.5971531;118.8079411;124.3324011;168.9190486
130.85;84.1;90.9;142.906455;130.6327028;131.8454936;115.4624843;75.5378476;54.4;52.7;107.5;85.69;129.2425695;123.4103647;133.37607;118.4778496;113.869453;119.3344248;123.7575018;160.059197
130.85;85;96.3;142.7338626;131.6729033;133.8733906;116.5225703;81.02944912;54;54.7;109.5;105.62;141.7066155;129.8679745;134.3302676;118.9872805;114.2806815;119.7319817;125.3694449;173.7937096
130.85;83.5;92.6;149.8791854;130.2001442;138.7982833;120.258939;79.18632564;51.9;51.8;101.95;86.5;138.8302972;123.4378725;135.3085801;119.5744741;114.7217211;120.1961377;125.9754555;170.2191602
130.13;86;94.2;152.0193303;130.3752274;138.3476395;120.2415606;79.46581568;54.9;53.8;94.05;83.75;130.5848514;123.3625083;136.1800797;120.1640443;115.1816654;120.6738855;126.3113634;166.3294323
130.13;81.7;93.1;157.7493959;130.8386831;139.6995708;122.4833818;79.13344915;54.6;55.2;101.69;91.2;135.1869607;122.2068959;137.2126183;120.1199268;115.581416;120.8664021;126.1383657;175.0135113
130.13;82.4;86.9;160.7179841;130.3340314;135.4828326;123.0221141;76.30833365;77.2;70.7;101.81;89.88;123.6816874;124.2358728;136.7592676;120.0862074;115.4665078;120.7738815;123.1091609;183.2490668
128.18;83.8;83.6;159.7859855;151.714786;136.5450644;124.8468523;75.84755278;53.2;52.7;87.18;88.46;114.2857143;113.7024801;137.3421224;120.2820624;116.0114971;121.3578386;122.5561337;169.9736846
128.18;76;80.5;166.3099758;142.5486628;141.4377682;123.9431724;72.04799904;48.8;46.9;80.86;81.55;121.7641419;107.4609865;137.9189376;120.6533475;116.6924027;121.8734489;125.0286346;147.3535607
128.18;86.2;92.8;176.8035899;144.9071372;139.6030043;133.4144328;81.6337519;54.4;55.1;104.14;102.26;133.0776606;128.4353752;138.5797451;120.9895764;116.7238759;122.209649;126.4478761;195.8228737
132.13;83.1;85.8;166.5170866;137.2961653;136.7060086;125.6983968;73.70983169;54.9;52;88.77;88.91;121.9558965;115.9494655;139.650203;121.9554823;117.1743419;122.8756417;127.2943866;165.5384553
132.13;89.7;95.7;152.0538488;142.8473343;134.1309013;120.484859;81.14275589;57.3;56.8;91.57;94.51;125.599233;125.4552094;140.4170468;122.7361541;117.4981102;123.2923239;127.7941474;191.7967704
132.13;84.5;91.5;148.6365205;135.5659309;135.7725322;121.0235913;77.82664438;54.3;52.8;99.56;94.98;128.8590604;120.5302062;141.4743904;123.0427485;117.7390928;123.629689;127.5668463;176.653046
136.72;89.6;94;145.2882292;134.7626077;135.8690987;119.7549637;81.79238138;55.6;56.1;116.47;104.3;126.9415149;125.3898144;142.812657;123.4776847;118.0753518;124.1534543;126.9522565;176.8000283
136.72;89.8;99.1;151.7086641;141.0038106;140.7939914;120.6065082;85.81099488;57.4;59;115.55;117.33;138.063279;132.4200241;143.8325558;123.5936231;118.5173522;124.6745014;128.3073898;186.4857084
136.72;87.6;93.6;155.3331032;137.3991555;143.2725322;123.8910371;80.85571207;57.1;57.1;105.4;105;139.2138063;125.4421918;144.4076454;124.1804453;119.0256488;125.1070082;128.9116092;178.6320038
136.37;90.1;97.9;157.7493959;138.8410175;142.4678112;124.8294739;83.97542518;58.7;59.6;106.56;114.06;138.063279;129.4880933;145.2216404;124.8708768;119.4529254;125.6259194;129.1823719;190.0481354
136.37;88.9;96.3;164.2043493;145.3602939;139.5386266;129.2783595;82.10964034;59.5;60.8;101.03;113.26;136.7209971;127.423437;145.8564349;125.0370973;119.8750864;125.920859;129.0075829;189.0677482
136.37;89;86.8;170.5212289;143.0327165;141.9206009;128.0271104;75.94575198;81.6;74.8;102.91;95.37;122.3394056;125.4451148;144.7884358;124.6886878;119.7427277;125.8605702;125.9133272;196.4365627
134.84;88.1;86.9;171.3151536;139.4280614;141.2446352;135.2217926;77.19968025;57.7;58.1;92.92;110.56;118.5043145;119.775254;145.794228;124.8607015;120.2856137;126.3292892;125.3577546;191.0770117
134.84;80.8;82.7;170.5557473;140.7669333;139.1845494;130.0256332;73.1584054;53.2;52.5;86.15;94.59;127.9002876;110.9508873;146.1437856;125.4354917;120.6583836;126.590735;128.0808429;169.3387816
134.84;91;96.8;177.1142561;149.8197672;140.1180258;133.4144328;84.22470008;60.7;62.2;107.21;125.05;141.7066155;134.0259104;147.0717545;126.0053799;120.8739435;126.9776126;129.4796264;199.6944182
140.77;87.7;90.8;183.2240249;149.0473411;145.3004292;135.6736325;79.12589536;59.2;59.8;102.5;103.41;130.0095877;121.3264186;148.3335783;127.2630258;121.3674903;127.6960303;130.3558341;198.1306476
140.77;92.6;100.3;168.7953055;150.9732569;143.1759657;131.5549377;85.19913831;63.3;64.7;110.52;120.28;133.2694151;131.6113578;148.99788;127.9189951;121.5227527;128.0879563;130.8115677;207.269311
140.77;91.8;97.2;157.5422851;151.3131244;141.5021459;125.2986923;81.93590329;60.6;61.9;105.31;113.41;138.6385427;126.5956472;149.817138;128.2743861;121.876592;128.5405595;130.496872;199.230742
144.75;96;100.1;154.9534001;151.3543204;140.9871245;122.9699787;85.78833352;60.8;63.7;111.2;128.97;135.9539789;131.6201594;150.7050306;128.8188733;122.1334929;129.1019932;129.9010432;211.2802614
144.75;95.9;105.5;156.057991;154.1453534;144.0450644;127.7142981;89.95046893;63.3;67.9;116.83;137.14;149.1850431;140.9803842;151.4585011;129.0196302;122.5327501;129.4800363;131.4091877;214.8063218
144.75;91.1;98.8;165.2399033;154.2071475;149.1309013;129.4521441;85.04806262;61.8;63.9;109.07;127.47;141.7066155;132.58698;152.6297756;129.5216339;123.129104;129.9547745;132.0599798;192.8832273
145.43;93.9;108.7;168.4846393;155.1031618;154.2167382;130.546987;92.67738522;64.3;69.4;117.95;145.98;152.0613615;143.126895;153.9185183;130.0751823;123.6309086;130.403106;132.3117929;223.3616018
145.43;92;103.1;176.2512944;155.8755879;153.0579399;135.0132511;87.2386602;65.7;69.5;103.66;137.58;147.2674976;133.8465324;155.5809766;129.9613235;124.1549938;130.803284;132.1324786;218.8460625
145.43;98.6;92.3;178.2188471;154.6397061;149.0987124;132.3717252;79.85861249;89.3;82.8;102.57;119.62;130.9683605;129.1730973;155.5439199;129.3029775;124.1646538;130.7662952;129.0135223;226.5709682
143.14;95.1;94.8;181.1874353;146.8948471;150.3862661;141.478038;86.01494706;64.5;66.4;93.55;138.54;130.9683605;129.3984077;156.4488957;129.5538679;124.7359747;131.3477282;128.4506904;220.2295147
143.14;88.6;91.2;179.9792889;147.6981702;148.1008584;138.4194291;82.38913038;60;62.2;89.86;129;141.514861;122.9412648;157.1829104;129.928124;125.1474628;131.6683949;131.4193696;202.9280292
143.14;94;98;181.8087677;153.7642899;146.4914163;133.6924882;88.80984743;67.5;69.7;86.45;121.45;143.8159156;133.9824989;158.4864068;130.8669207;125.6530587;132.4478781;132.9992586;224.8147568
149.69;91.4;99.7;180.6351398;152.446016;144.6566524;134.7004388;88.13756058;64.3;69.2;93.81;123.39;149.1850431;136.3475738;159.9994306;132.2425846;126.2760817;133.3846366;133.844355;226.7255269
149.69;99.6;102.6;176.7000345;155.3812352;145.2682403;137.4983708;90.75872389;70.3;72.3;123;152.87;145.5417066;138.0297937;160.8875388;132.9071695;126.5317622;134.010825;134.5143795;223.3964532
149.69;98.5;103.6;166.689679;155.968279;145.9763948;132.4412391;92.00509838;65.5;70.6;111.33;152.57;154.1706616;137.6811281;162.1385347;133.9134793;127.0459535;134.9216621;134.3524121;229.0257244
154.86;104.3;108.8;165.3779772;160.2732672;146.555794;132.9973498;98.72041303;67.7;74;116.82;158.83;150.7190796;146.3139197;163.1400129;134.6650366;127.5184144;135.5100851;133.4832752;236.2521025
154.86;104.1;107.1;172.3507076;162.3639672;151.3841202;136.6815832;98.57689112;69.6;72.6;110.05;162.63;151.1025887;140.9281286;164.2872157;135.4414749;128.2126155;136.3832538;135.3214824;223.3070516
154.86;99.9;107.8;176.216776;160.4277524;156.276824;135.8300387;96.88484333;67.6;74;113.93;160.87;162.991371;143.3529069;166.3502221;136.3218196;128.890379;137.1309908;136.1497032;245.4922897
146.92;100.8;108.9;181.6016569;162.6626386;157.9506438;141.1130903;99.88369588;70.7;71.8;107.37;167.13;160.8820709;146.2116533;166.7085801;136.991455;129.1020957;137.7493154;136.4775976;237.5688822
146.92;87.8;96.7;189.9206075;155.968279;157.6287554;143.1637485;87.94116218;69;66.6;93.32;132.1;144.966443;132.4890955;167.3324603;137.2305362;129.4828377;138.4565685;136.4387556;215.4442553
146.92;77.5;79.2;185.9164653;140.8390264;154.9248927;138.0197246;76.27811851;92.7;83.8;95.16;124.24;134.611697;128.0688427;165.8036906;135.9476378;128.9430679;138.3018175;132.525801;245.5104731
139.67;77.6;78.7;186.5723162;125.2772151;153.1545064;149.3157232;76.45185556;68.3;68.3;71.02;109.58;122.9146692;117.6200429;165.8135695;135.3758185;129.2199382;138.930433;131.972491;202.3885889
139.67;71.8;76.3;188.9886089;130.0044629;146.2017167;141.4085241;71.31528192;62.3;63.1;72.12;87.78;133.6529243;113.0978424;165.9454031;135.37567;129.5667401;139.4805079;135.3088493;186.7887647
139.67;84.2;88.8;196.6517087;137.8935082;152.5751073;147.5431203;82.91789531;68.3;74;88.9;113.98;141.514861;134.7660026;166.6768727;135.8181076;129.6160013;140.0208746;137.1135883;235.5808327
146.39;80.8;85.5;196.2720055;139.6443407;150.804721;147.2129296;77.87952088;68.9;68.7;93.62;99.59;143.4324065;129.6702101;167.2128351;136.7376679;130.0119866;140.9534584;138.0616348;216.6943626
146.39;85.4;91.6;181.1183983;137.5639397;145.944206;142.2948256;81.981226;72.3;74.3;91.37;108.46;137.4880153;134.0318063;167.5830563;137.0405487;130.4311093;141.6655657;138.7834173;212.1773082
146.39;89.1;92.4;173.6624094;140.1283944;146.6845494;137.4462354;83.5675208;69.2;78;105.96;111.59;148.801534;131.0401619;167.7124741;137.2711629;130.7682252;142.2998121;138.5208566;230.7682983
153.06;93.6;98;172.5233;144.1553091;148.4871245;140.8524134;88.99869205;71.7;74.7;103.14;126.1;151.6778523;136.0964335;168.4665055;137.3964596;131.0336176;143.1147307;137.5307627;230.5485825
153.06;93.4;100;177.0797377;149.0988362;150.2896996;146.0138159;91.03821393;72.8;76.7;100.06;120.81;149.1850431;135.4985323;169.5765654;138.051909;131.6019262;144.0006175;139.3367272;225.9633403
153.06;90.5;100;183.085951;150.4686052;153.4763948;146.2744928;90.75872389;71;80.9;96.88;140.36;158.1975072;137.279836;170.515578;139.0212314;131.9798637;144.6299125;139.9365156;232.6548239
154.75;92.8;106.4;190.5074215;152.6519963;156.2124464;148.2208802;95.02661228;76.7;79.9;97.78;142.58;165.8676894;143.1698259;171.7387058;139.7817756;132.5009365;145.2408588;140.2353728;233.5473248
154.75;88.8;102.2;199.5857784;152.5490061;155.6974249;150.25416;91.86913025;74.9;77.4;85.9;134.17;155.3211889;137.5544483;173.5830824;140.4491828;133.2262473;145.8862698;140.1753185;233.5912679
154.75;92.4;94.2;210.7352434;150.0566446;158.8197425;154.1469349;86.28688332;101.2;95.4;95.18;137.03;148.0345158;138.7875511;173.0060946;139.7312707;133.1512519;145.9576261;136.0972854;250.0441957
152.53;94.2;91;201.9675526;138.2642727;156.1480687;160.4900726;84.48152876;75.4;75.3;74.45;128.46;130.3930968;126.2167531;174.4098898;139.7946989;133.6560428;146.6259488;135.7460104;210.1725906
152.53;86.8;89.1;203.1411805;144.9895293;156.3090129;154.8768302;81.97367222;69.9;71.8;79.83;130;152.6366251;126.785889;175.2083115;140.5777474;134.1166623;147.0773869;138.7916193;213.0485951
152.53;97;105.6;212.702796;152.0752515;162.1351931;159.0650389;99.34737717;79.1;90.5;102.43;166.75;166.442953;153.9572414;177.1128673;141.9134531;134.6301265;147.6017348;140.4342024;265.0333615
158.86;95;99.6;207.455989;153.6715988;159.2060086;159.0129035;92.27703463;75.2;77;96.87;149.61;159.5397891;143.6006964;178.3183081;143.5380764;135.2239615;148.5888796;141.5027345;241.8965265
158.86;98.8;104.6;195.3054884;154.7426963;157.9184549;151.3490029;97.3003015;79.8;81.4;107.89;153.04;158.9645254;152.6967154;179.6992394;144.5697872;135.7427492;149.4703004;142.2567596;254.1945521
158.86;97.4;102.8;187.0900932;156.3390436;157.5643777;150.7755138;95.32120989;77.1;80.5;105.02;160.41;166.0594439;146.2703987;180.6935566;145.4265134;136.1390461;150.1157114;141.971384;260.3814469
163.63;103.2;107.1;180.3244736;157.6058224;156.9527897;146.813225;97.33051664;79.7;84;105.91;178.13;168.3604986;151.0349893;182.0361803;146.128977;136.5877203;150.9425713;141.2098168;251.4321937
163.63;103.4;108.4;188.1601657;159.1815716;160.7832618;153.1389842;100.7674887;80.5;87.4;111.92;179.21;172.1955896;156.868591;184.1742059;147.113748;137.3510741;151.8990377;143.3162412;261.1906073
163.63;102.8;106;195.3054884;158.6563219;167.8969957;154.7378025;98.86393494;79.5;85.7;107.36;192.71;173.9213806;155.3947543;185.839727;147.9841402;138.0088682;152.5528949;144.0811081;263.2544208
163.55;100.8;108.2;197.2040041;158.9549933;163.9055794;155.5545901;100.019664;83.4;88.7;103.86;176.57;171.620326;156.2933961;187.4807882;148.8196247;138.5970941;153.1909275;144.5100671;257.5584772
163.55;99.1;107.3;201.3462202;157.7500086;159.8819742;155.7631316;98.85638116;82.4;90.6;98.27;183.68;172.7708533;150.9624578;189.1023936;149.2944449;139.2563424;153.8143005;144.5168551;274.8342029
163.55;102;96.2;217.6389368;156.2257544;166.8025751;161.6544293;92.42055654;111.6;109.8;112.82;162.91;159.15628;152.2989463;188.0290452;148.8102665;139.2544468;153.7437208;140.2780801;286.2336665
160.45;99.4;92.8;215.7404211;148.9958461;172.1459227;170.4826867;89.7163016;81.7;83.9;79.89;150.57;138.4467881;139.7974397;189.5865888;149.1713764;139.860279;154.6237825;139.9112495;242.4011152
160.45;90.7;95.7;218.536417;149.2018264;168.1223176;163.4444107;91.95222189;75.9;82.3;87.05;156.32;165.4841802;142.5412062;191.3530127;150.036941;140.7158969;155.2611355;143.6133071;250.0320735
160.45;97;104.8;219.9861926;156.4214357;170.0536481;165.234392;98.58444491;82.2;88;97.99;171.91;167.2099712;157.4368258;192.3646718;151.1736722;140.6743223;155.5998598;145.1881995;271.5369501
166.33;96.5;97.6;217.3973076;157.9353908;166.7703863;160.5248295;90.53966414;82.9;86.3;97.92;170.17;164.5254075;150.8088896;193.9076774;153.32726;141.2744156;156.6529242;146.3945642;251.8079835
166.33;101.7;107.4;207.1798412;157.1114697;166.5128755;158.804362;101.3868991;84.8;91.9;110.44;182.44;172.5790988;162.9101255;194.7922914;154.3883082;141.7402806;157.3912441;147.1850744;275.458499
166.33;101.2;102.9;197.4111149;158.4709396;166.9957082;154.112178;100.1405246;82.5;88;112.95;179.35;176.2224353;155.8893253;195.3301519;155.2123548;142.3080438;158.2778104;146.9475913;273.9356409
169.41;104.2;106.2;195.1674146;158.9755913;167.3819742;158.6305774;101.0696401;85.3;90.1;105.28;177.49;175.8389262;161.0237666;196.1282285;155.7716221;142.8058494;158.9498222;146.1661317;261.3103145
169.41;104.3;111.2;202.9340697;163.2702805;173.9484979;159.8992049;105.6094647;85.7;92.1;122.01;204.57;189.261745;167.6509057;197.3134801;156.6168362;143.4205367;159.6495999;148.1889327;290.8870964
169.41;101.4;105;211.0113911;162.0138007;180.193133;165.5124473;104.1817994;83.6;89.7;109.09;189.23;192.7133269;162.9686208;198.7481629;157.4620503;144.1387841;160.4003464;149.0130997;274.6584303
167.75;102.7;106.5;212.4956852;161.3958598;178.7446352;162.7492723;105.0127157;87;90;104.3;186.07;181.0162991;162.9738174;200.1145995;158.3285804;144.6071421;161.1988579;149.4071763;263.6938525
167.75;102.6;104.3;214.2906455;159.469944;173.0150215;161.6718078;102.0289708;87.9;93.4;105.29;197.98;182.5503356;159.2945031;201.0756563;158.556001;145.1805144;161.8051442;149.2617073;281.3014249
167.75;104.2;95.1;224.301001;157.3895431;176.3948498;164.7999305;94.53561627;119;114.5;109.7;170.43;166.8264621;157.5343272;199.9758636;158.1747634;144.9797042;161.9381486;144.6458256;300.7167282
163.19;92.4;88.2;223.1964101;150.0257475;176.0729614;170.3089021;93.5;88;90.8;81.92;164.09;152.8283797;146.5149303;201.3600304;158.3429892;145.4987775;162.7800565;144.3925041;256.3159463
163.19;93.6;89.4;228.0980324;155.0928628;177.8755365;168.6579485;93.6;83.9;84.9;92.22;151.73;173.7296261;144.600713;202.2161293;158.8470725;145.9335069;163.5636172;148.2636941;244.9695176
163.19;98.6;99.8;242.906455;160.4483504;184.6030043;178.4941565;102.8;92.5;97.1;105.33;172.54;184.8513902;167.8831318;203.497452;159.7460595;146.1705164;164.3978555;150.4357351;291.3689559
167.97;96.2;92.3;236.6586124;159.9436987;182.832618;172.5333449;95;87.8;88.8;96.78;168.79;173.346117;152.9723257;204.1347054;161.1763875;146.7702981;165.556838;151.606369;278.514822
167.97;104.3;102.2;221.5050052;157.2041608;180.1287554;165.651475;103;91.7;96.5;114.5;184.89;181.5915628;164.6208958;204.5215784;161.8105952;147.0354828;166.4329193;152.2763935;303.438174
167.97;100.5;98;216.8450121;156.1227643;176.4270386;166.9201025;97.7;90.2;99;97.55;173.36;183.5091083;156.1953334;204.700175;162.1547711;147.4176791;167.2304601;151.9851728;296.9042797
173.63;103.9;104.6;208.2499137;156.6892101;173.6266094;161.1678325;102.3;91.4;99.3;107.71;172.18;186.0019175;162.4677955;205.2692252;162.5103849;147.8709236;168.2617778;151.3297611;285.3548032
173.63;104;112.5;217.7079738;161.0147963;181.8025751;167.1112656;108.3;94.2;106.5;114.64;182.88;203.0680729;176.3585582;205.6249948;162.7021549;148.1657118;169.1527129;153.4911489;296.405752
173.63;97.5;104.2;224.4390749;160.3865564;187.8862661;169.4226007;101.3;90.8;91.5;103.27;165.18;190.4122723;163.9549683;206.302756;163.0944591;148.531756;169.9048186;154.4264681;267.0335332
171.91;108.1;112.3;227.545737;160.129081;188.8197425;170.1003606;109.3;94.9;103.1;113.66;191.38;204.6021093;174.3975579;206.774182;163.4404918;148.7241265;170.433341;154.7612446;304.5109934
171.91;97.3;105.8;243.3897135;159.3257578;189.3025751;177.9380458;102.4;95.3;100.1;107.16;194.98;200.9587728;164.5122841;207.5728625;163.7264386;149.0692146;171.0280744;154.5849472;289.4854609
171.91;103.5;90.8;244.3907491;152.7755845;183.9914163;176.0959291;90.9;125.1;120.3;103.01;165.79;175.2636625;153.3272879;206.257244;162.2981901;148.6870962;170.7949769;149.9478532;299.5863281
167.63;94.3;94.5;248.3603728;147.3377047;189.8497854;189.633749;95.4;93.3;97.1;82.76;189.86;173.346117;156.7822898;206.7681425;162.0917143;148.7881116;171.19865;149.6524843;275.0433118
167.63;85.4;88.4;242.837418;152.3224278;183.6373391;182.0046053;88.7;83.7;85.9;79.87;157.56;184.2761266;144.4189066;207.4399935;162.6138457;149.115074;171.6268852;153.5309336;262.9301506
167.63;89.6;98.7;246.7034864;156.0094751;186.3733906;179.9713255;100.6;96.6;100.2;98.04;178.85;182.7420901;163.9063913;208.1013186;163.4412345;149.2685705;172.4832586;155.4239156;288.0020002
174.73;90.6;103.2;243.3897135;160.5822376;183.7339056;179.0155103;104.1;89.3;96.9;105.89;200.35;198.6577181;169.7756576;208.7016448;165.0726908;149.6333163;173.5888452;156.7448265;304.1836925
174.73;95.5;106.2;235.8646876;160.3453603;183.4763948;177.9728027;103.2;95.8;100.7;112.55;195.52;191.7545542;169.9245294;208.8125559;165.8260306;149.495089;174.2070727;157.3879822;319.7198749
174.73;97.1;102.3;227.6492924;157.8426997;180.7081545;175.3660338;100.3;91.7;97;111.72;177.45;189.261745;163.3811582;209.0838588;166.6182888;149.9579676;175.1338316;157.2987964;300.1363753
178.42;100.6;109;222.7821885;159.5317381;184.4742489;174.1495416;105.9;97;103;111.71;217.14;199.2329818;171.770224;209.3413571;167.0094789;149.9662254;175.9747687;156.4786834;297.3467419
178.42;101.9;113.3;227.8564032;163.610148;188.1437768;178.6331842;109.3;100;105.6;117.01;193.81;208.8207095;176.9481374;209.8697701;167.5064321;150.3656904;176.8292003;158.5245821;300.0393973
178.42;97.2;108.6;233.3448395;160.6028357;190.5257511;178.1292088;104.8;94.6;98.6;111.33;179.87;202.3010547;171.2090478;210.7561096;168.0374761;150.9529815;177.7159608;159.4546218;302.3956602
176.26;104;113.7;244.0800828;162.5905455;192.6502146;183.2384759;110.9;100;105.4;121.77;222.19;213.4228188;179.7073388;210.9813829;168.2366733;151.2080127;178.514084;159.9622076;314.8315764
176.26;100.2;106.9;254.8153262;162.8274228;193.6480687;186.1233002;103.6;102;106.1;111.92;182.7;204.7938639;164.5571489;211.5951254;168.420422;151.7783468;179.2907518;159.8175871;303.8654834
176.26;99.9;88.9;261.373835;157.7912046;191.748927;186.0364079;86.8;129.9;123.7;111.01;172.92;173.9213806;154.9517729;210.1555678;167.0648857;151.4555652;179.1918238;155.3827167;335.1287737
173.45;96.2;92.2;266.9313082;149.3975076;199.3454936;204.7008733;92.2;99.2;101.7;85.69;195.49;177.5647172;156.1023888;210.8160732;166.7928278;151.5055794;179.9292698;155.7671771;286.6533995
173.45;86.8;93;282.8443217;154.3719318;204.2060086;206.0390146;93.2;90.9;92.9;87.2;173.82;201.5340364;158.4708662;212.3710284;167.7830949;152.4491768;180.7742844;160.3691059;295.351116
173.45;97.5;97.3;267.1384191;155.6181125;195.6759657;195.837859;96.8;95.6;94.6;95.94;166.11;187.3441994;161.321678;212.5320673;168.5763187;152.3171298;181.6371623;162.1210499;305.7717077
173.97;95.9;96;261.4083535;155.95798;191.5879828;186.9922231;94;95.3;96.9;108.07;182.25;196.3566635;159.9151883;212.9402511;170.0818841;152.705818;182.7315843;163.3388221;308.0506912
173.97;102.8;101.6;252.6061443;153.3008342;190.8798283;188.6605552;98;100.2;101.4;112.41;191.39;199.6164909;165.5244949;213.041801;170.4992179;153.0124735;183.6644594;164.2237975;314.5103367
173.97;101.1;94.1;236.9002416;149.8918603;188.4978541;179.0328887;88.4;92.6;91.2;110.12;171.28;189.261745;150.6520118;213.3643965;170.5911665;153.4918418;184.6740305;163.5284125;315.7771122
177.28;107.4;104.1;234.8981705;148.9958461;189.8175966;183.4470174;98.1;96.1;97.9;126.71;205.27;201.725791;165.5754708;213.4324271;170.9929774;153.4598753;185.5322484;163.2249358;297.1209649
177.28;110.9;105.8;241.5257163;155.1752549;192.4892704;182.8735283;101.2;99.1;98.5;112.86;185.01;208.2454458;165.4311838;214.0758926;171.2226261;153.9457616;186.6023996;165.3375825;290.6582888
177.28;107.7;105.3;247.6009665;153.13605;200.0858369;183.2906113;101;95.1;97.4;110.06;200.14;215.3403643;165.3463022;215.0056302;171.4556913;154.4123796;187.3589711;166.3901819;315.9347015
175.86;112.2;108.9;262.5474629;153.2699372;207.4570815;192.7618717;104.6;102.2;102.9;105.61;190.85;223.0105465;174.2717008;214.622726;171.5763088;154.4427102;187.9656457;166.5462098;316.1165353
175.86;105.7;99.1;274.7324819;155.5254214;205.4935622;197.6104618;95.6;103.5;103.6;91.7;176.26;197.3154362;159.6880374;214.9732326;171.5392472;154.9083934;188.6190175;166.3039187;299.7120965
175.86;110.6;84.8;271.1770797;150.8599677;198.7339056;193.9609854;81.3;130.3;121;106.25;173.64;183.3173538;153.0853109;213.0711357;170.1836366;154.3097543;188.3465042;160.6693772;346.3751938
170.64;107.4;85.7;277.8736624;142.4456727;201.083691;217.2654994;84.5;99.8;96.7;87.83;174.25;184.084372;147.9211621;213.1987848;169.4412891;154.1209673;188.7340614;160.8615131;284.1456085
170.64;98.1;81.9;279.7721781;148.5117924;202.4678112;203.8319503;82.4;87.9;83.3;80.07;158.86;175.4554171;133.732206;213.3984334;169.4681012;154.2751131;189.0201664;164.4603378;263.9514504
170.64;107.7;92.7;272.454263;150.8496687;195.9012876;193.4396316;93.6;95.9;93.9;114.28;182.55;195.0143816;163.2722392;214.0640293;170.0319734;154.3727006;189.9173148;166.1879584;327.7993565
169.2;107.1;86.5;273.5243355;150.1802328;195.4506438;190.3636443;85.4;92.1;88.9;105.73;156.89;190.6040268;149.9277015;213.2429163;170.4432169;154.1869778;190.5892295;166.8090533;301.2152559
169.2;110.5;90.9;253.5381429;146.7609599;190.7188841;183.1689621;84.9;95.7;90.9;117.56;150.83;180.4410355;153.025413;212.1394568;170.2056211;153.9509292;190.7659215;167.1460925;298.0422562
169.2;109.8;90.3;243.2516396;145.3705929;189.0772532;175.4355476;81.9;90.1;87.9;137.39;165.15;195.5896453;147.9812011;211.2104956;169.4711464;153.822258;191.4444379;166.1669347;318.574322
169.72;111.3;93.5;235.1743183;143.0636136;189.4957082;175.4007907;86.9;92.4;91.1;129.42;177.9;193.096836;156.4033367;210.2458151;168.4651336;153.5393891;192.07849;164.7508986;295.2829283
169.72;115;95.4;243.355195;146.5549796;197.8648069;178.9459964;86.9;92.2;89;111.73;140.41;195.2061361;157.0217321;209.7371599;168.1933728;153.4838437;192.5796349;166.3691582;283.1030947
169.72;110.7;92.3;246.2547463;143.7433486;199.7961373;181.0661685;83.1;89.1;86.2;118.72;148;198.274209;154.2633067;208.879206;167.6378933;153.1625942;193.0920415;166.4521217;302.2956516
166.15;111.5;95.5;262.409389;144.8453431;205.0751073;193.4396316;87.3;96.4;90.7;120.01;157.26;201.5340364;160.1046159;208.0029611;167.055676;152.79333;192.9696193;166.2333997;284.7259613
166.15;95.2;86.6;267.8287884;142.4044766;206.3948498;193.1615762;79.5;95.4;89.9;103.05;146.04;183.3173538;147.8623561;207.7810095;166.663669;152.6819015;193.0051518;165.5551731;291.1265109
166.15;98.3;74.6;269.9689334;137.2549693;203.5622318;192.3274102;64.8;120.9;107.8;130.36;120.11;175.071908;144.6145912;205.5193467;164.5414983;151.8576789;192.7838986;159.554178;328.5463903
161.87;89.5;74.6;267.725233;129.1290467;196.6416309;205.4307686;68;89.2;83;90.88;122.35;153.4036433;133.0425568;205.275049;163.5022117;151.7988095;193.0602952;159.6575996;248.7455994
161.87;87;74.4;266.4480497;137.6772289;195.2253219;197.2802711;71.3;84.2;78.7;109.91;123.3;178.1399808;134.9316341;204.2522168;162.855972;151.5651759;193.1705821;162.6812421;257.8327432
161.87;90.5;82.8;269.4166379;141.3436781;205.139485;196.672025;78;90.4;86.4;131.69;140.94;184.8513902;151.2603865;203.5663886;162.8320565;151.0454534;193.7225987;163.9096675;290.3673548
163.73;90.5;82.1;278.3224025;142.2293934;207.167382;204.7703871;75.1;85.8;80.7;124.4;125.19;183.8926174;145.2012441;203.0476388;162.9831255;150.7479126;194.5270324;164.3802026;265.692509
163.73;98.1;84.8;254.7117708;142.4868688;205.332618;189.9813182;77;87.1;81.6;135.08;138.68;175.071908;144.1892693;202.3556848;162.480899;150.2523922;195.0516715;164.462129;280.5392382
163.73;96.2;86.6;236.3824646;141.7453397;199.4420601;184.4549681;76;85.7;80.9;127.14;156.5;185.6184084;143.6017413;201.5782288;161.9445817;149.9480479;195.4675771;163.5705542;285.848785
165.49;101;88.2;230.7904729;143.6094614;196.2553648;180.405787;77.8;87.2;81.4;121.35;141.33;182.7420901;144.1537746;201.2338911;161.603748;149.5688899;195.5445643;162.3863445;248.4273902
165.49;101.8;91.9;232.9996548;145.1131175;201.888412;181.2225746;80.8;87.1;82.2;123.68;153.55;190.7957814;149.7403547;200.9974016;161.0280665;149.3505254;196.0457092;163.7525083;266.4349969
165.49;100.4;89.4;241.5602347;143.7124515;205.6545064;189.2514229;74.3;84;78.9;114.53;143.18;191.9463087;143.6973272;200.4637256;160.737812;149.1890307;196.4622944;164.0531567;269.7943763
162.29;101.8;88.7;242.6993441;142.2293934;204.7532189;188.6605552;74.4;88.6;81.6;98.95;135.73;180.2492809;141.7715622;199.8374728;160.361105;148.9150169;196.6442288;163.9753784;260.0768753
162.29;99.4;84.8;253.1929582;141.982217;204.527897;193.491767;71.6;91.8;85.2;111.81;137.53;176.9894535;138.2579813;199.5003393;159.5394351;148.6736448;196.5801537;163.2313466;271.8006091
162.29;105.3;73.7;259.7859855;137.8729102;204.527897;197.3671634;60.8;115;100.5;111.35;136.77;163.5666347;138.0399859;197.8689414;157.9037452;147.9862213;196.3196787;157.6269736;297.79375
162.09;101.9;74.9;268.3810839;134.0622747;208.1008584;206.4734761;65.7;88.1;83;100.59;146.55;153.978907;128.839362;198.0098342;157.1435725;147.8010958;196.521224;157.9294133;254.5582196
162.09;93.2;73.7;264.7566448;137.2137732;201.276824;196.897945;65.3;81.1;74.9;103.74;128.28;173.7296261;127.9430348;198.1598726;157.3369765;147.9837544;196.8547058;161.2747279;227.3452771
162.09;99.2;83.7;274.6289265;143.2386968;207.2317597;210.401008;75.8;87.5;84.8;132.49;149.95;188.6864813;149.4324935;197.9631575;157.4804697;147.3994236;197.028291;162.2942362;303.5533354
164.68;96.5;77.2;265.2399033;144.2582993;205.5579399;193.0746839;65.4;87.3;80.2;118.34;122.12;166.6347076;132.3749112;198.0509891;157.9884895;147.4693293;197.8064151;162.8777147;244.5422082
164.68;103.5;88.4;248.3603728;140.0460023;203.7875536;189.633749;72.5;89.4;85.6;137.26;138.94;179.4822627;148.9181034;198.047236;157.8845088;147.3535642;198.3397917;163.1288678;284.8699131
164.68;102.5;86.7;239.4546082;143.351986;201.3733906;186.8705739;70.8;88.2;84.4;139.05;144.72;188.1112176;141.1117483;198.0360198;157.5469431;147.3249216;199.0452002;162.3477853;301.4031508
167.73;104.4;90.6;229.6513635;145.0307254;196.3197425;180.5448147;73.4;89.9;86;135.25;144.49;187.535954;147.5163115;198.5256937;157.5929174;147.3005117;199.5968285;161.4263248;254.4506347
167.73;104.2;95.7;231.6879531;146.2151121;203.2081545;181.3442238;78.6;90.2;88.5;139.31;161.73;194.6308725;156.3147448;198.6650767;157.6668179;147.2584436;200.2100077;163.079184;283.524343
167.73;102.3;91.8;245.7024508;145.6898623;207.4248927;192.3100317;73.9;89.2;86.1;129.13;157.76;195.2061361;149.0536199;198.7535122;157.7028398;147.1541304;200.4060193;163.5297324;273.6871348
165.82;104.2;94;252.5371074;145.9679357;210.6437768;193.2310901;75.9;90.9;87.8;127.63;157.24;191.1792905;153.4361806;199.0825786;157.8914904;147.161739;200.8617291;163.6091134;281.765101
165.82;100.5;89.4;258.4052468;147.4406948;206.4270386;198.3403571;74.7;97.3;92.6;114.56;150.16;186.5771812;145.6216199;199.5325644;157.8401685;146.9403882;200.9458034;163.0701335;289.2066491
165.82;101.7;78.4;263.3068692;144.9380343;202.9828326;197.9232741;65.7;119.5;107.4;118.43;141.13;165.4841802;141.5110547;198.6941957;156.8352698;146.6599343;200.6262046;157.3756319;326.8583666
164.07;101.7;79.9;263.5830169;140.0357033;206.8776824;205.9173654;68.5;90.9;88.3;112.93;158.91;160.8820709;137.3526076;198.7216754;156.4391779;146.7743231;201.5074313;158.0947746;280.4740811
164.07;87.7;76;263.6175354;142.5898589;199.7317597;200.530043;66.6;82.3;78.9;114.55;158.94;177.5647172;130.3253382;198.7491551;156.0430859;146.888712;202.388658;158.8139173;277.4253345
164.07;97.2;85;269.1750086;144.4230835;204.527897;204.9441717;74;94.5;92.3;132.11;150.25;187.7277085;151.1830003;198.7766349;155.6469939;147.0031008;203.2698847;159.5330601;312.8586798
166.17;96.7;85.4;273.6624094;149.7373751;204.6566524;204.7356302;71.2;87.8;87.1;126.55;145.19;185.6184084;146.7989223;198.8041146;155.2509019;147.1174896;204.1511114;160.2522028;309.2250345
166.17;105.8;81.8;257.9565067;144.6805589;205.8154506;195.1427206;66.3;91.8;87.4;124.99;140.78;146.6922339;113.691104;198.8315943;154.8548099;147.2318784;205.0323381;160.9713455;303.2760389
166.17;104.4;89.8;240.2830514;139.2941742;205.5257511;189.7380197;73.8;89.5;87.5;130.56;153.44;201.5340364;154.5813951;198.859074;154.4587179;147.3462672;205.9135648;161.6904882;321.1427244
169.86;108.3;94.6;232.4473593;145.9370387;204.3347639;184.9589434;75.5;89;88.5;144.68;200.27;193.8638543;151.0598177;198.8865537;154.0626259;147.460656;206.7947915;162.4096309;303.1366329
169.86;105.7;97.4;238.4535727;149.1915273;209.6459227;185.7583525;79.7;93.9;94.6;142.07;202.31;202.3010547;159.1009049;198.9140335;153.6665339;147.5750448;207.6760182;163.1287736;322.824687
169.86;102.5;89.5;242.6648257;148.5014934;213.251073;191.2847026;74.7;89.4;88;126.33;150.94;191.3710451;146.7664206;198.9415132;153.270442;147.6894336;208.5572449;163.8479163;299.4348
167.6;108.3;94.4;255.1950293;147.3994988;213.2188841;198.3229787;79.4;92.6;93.2;141.73;173.55;196.7401726;156.1302671;198.9689929;152.87435;147.8038225;209.4384716;164.567059;326.0037478
167.6;103.6;87.9;262.4439075;149.3151155;211.7381974;202.267889;73.6;101.7;98;138.4;180.47;190.4122723;146.5429077;198.9964726;152.478258;147.9182113;210.3196983;165.2862017;318.8258588
167.6;108.3;74.3;265.654125;144.1965052;210.9978541;200.1824738;62.9;120.3;109.2;131.9;135.65;171.4285714;135.7295896;199.0239523;152.082166;148.0326001;211.200925;166.0053444;353.2576029
