DATE,GDP,ibc,pimIE,pimIT,pimBI,pimBK,pimDur,pimNDur,pimCC,pmcR,pmcVeic,pmcConstr,pmsTransp,pmsInfo,pmsFam,epeRes,epeCom,epeInd,ons,onsGerTerm,onsGerExTermica,expQ,impQ,impBI,impConsumo,expBasic,expSemi,expManuf,expAgroDolar,abpo,abcr,anfaveaProd,anfaveaLic,fgvIndIC,fgvIndEstoq,fgvConsIC,cagedTransf,cagedConstr,cagedCom,cagedServ,cniHoras,cniNuci,cniFatura,diesel,ipcaMs,ipa,cambio,icbr,txDesemp,poup,m1,m2,ibov,embi,RecRFBIPCA
1/1/2011,160.4515748,133.27,99.4,92.8,94.2,96.1,96.2,89.1,89.7163016,81.7,90.2,77.3,80.6,79.7,102.7,9810,6250,14467,41973.24,1741.27282,40192.73254,79.89,150.57,147.41,340.79,96.4,89.28,67.44,1150.7116,247436.3925,139.7974397,239301,244873,106.6,108.5,110.3,7700.967,2955.887,8503.696,16425.966,101.4,81.6,105.4,721.6292932,188.3969587,367.5185966,1.6734,71.13063225,0.072015881,382043990,258333611.2,1362186067,69779.2,179,144604.9646
2/1/2011,160.4515748,136.21,90.7,95.7,93,109.1,107.6,91.3,91.95222189,75.9,97.7,75.4,80.9,79.3,89.8,9405,6331,14487,39748.31,1768.349161,37884.56408,87.05,156.32,141.88,354.54,103.46,86.72,76.39,1262.8127,245627.546,142.5412062,295946,274153,110.2,110.8,107.9,7756.688,2991.286,8522.908,16572.809,106.5,82.3,114.4,862.6172594,189.1128672,370.2014824,1.6612,75.65013243,0.074926854,383334105,255422666.2,1381616460,66515.7,177,103348.0341
3/1/2011,160.4515748,144.85,97,104.8,103.1,116.9,110.2,100.6,98.58444491,82.2,102.1,80.6,84,83.5,98.9,9508,6373,15188,42272.7,1591.5352,40641.86076,97.99,171.91,159.74,366.07,120.94,98.89,83.95,2494.2471,277988.8447,157.4368258,296322,306135,113.2,112.6,105.1,7770.793,2996.183,8519.137,16636.325,111,83.3,124.4,871.9704911,189.9827864,371.7563286,1.6287,76.60710997,0.078650139,385733263,253532344.4,1410109955,67213.7619,173,113226.0856
4/1/2011,166.3302313,140.05,96.5,97.6,98.4,104.3,97.4,93.2,90.53966414,82.9,96,76.2,83.7,82.5,98.6,9237,6298,15335,40334.9,1331.84596,38972.02349,97.92,170.17,151.56,409.6,135.15,90.84,74.28,3298.3604,261567.1174,150.8088896,283219,289189,113.6,112.6,100.5,7819.333,3030.083,8562.731,16750.319,108.3,82.9,114.4,857.7394508,191.0276917,373.9125153,1.5733,76.64781033,0.077402344,386122941,250062695.7,1417879016,67424.31579,169,130424.859
5/1/2011,166.3302313,143.22,101.7,107.4,107.2,118.3,106.2,102.9,101.3868991,84.8,107.7,91.1,89.1,84,96.1,9138,6002,15255,40359.61,2029.06259,38448.69,110.44,182.44,168.21,380.21,152.67,104.66,83.48,3420.4517,285419.1232,162.9101255,305251,318534,110.4,107.8,99.7,7860.129,3061.318,8589.18,16820.829,115.2,84,124.9,899.6118786,192.1929606,375.1090353,1.5799,71.99189822,0.073732004,387046563,251302875,1442969729,63730.45455,175,112860.264
6/1/2011,166.3302313,141.57,101.2,102.9,104.3,114.5,97.9,96.4,100.1405246,82.5,99.9,88.9,86.4,85.6,95.7,8868,5719,15387,38493.08,2554.90933,36534.50658,112.95,179.35,165.99,387.74,137.91,116.15,98.33,3008.7557,275184.2192,155.8893253,296050,304333,108.3,104.9,102.3,7881.66,3094.492,8621.123,16872.143,112.1,83.6,123.6,919.4085034,193.2115833,375.5966771,1.5611,71.33431555,0.073498332,389558700,255574936.9,1471543505,62298.7619,154,130526.8148
7/1/2011,169.4149318,145.14,104.2,106.2,106.8,114.2,101.4,102.9,101.0696401,85.3,100.5,90.9,89.9,84.9,103.8,9128,5654,15436,40103.95,2485.20966,38272.01774,105.28,177.49,168.18,406.45,135.24,116.28,83.27,2506.985,279015.0758,161.0237666,308798,306231,106.1,99.3,106.6,7904.3,3122.025,8651.463,16915.104,113.7,83.6,123.5,916.9442939,193.9651085,375.3337594,1.5563,70.84109747,0.072914808,398005681,254373019.3,1492180690,60431.38095,160,136891.8274
8/1/2011,169.4149318,146.97,104.3,111.2,108.7,126.2,112.9,108.7,105.6094647,85.7,105.8,95.2,92.6,87,99.8,9201,5879,15853,41871.27,2416.22222,39938.64546,122.01,204.57,189.76,433.54,158.91,137.23,94.25,3247.0104,287103.1166,167.6509057,326213,327610,104.4,92.9,104.1,7939.431,3156.204,8697.445,17007.369,117.7,84.6,131.3,986.7533624,194.973727,377.0602947,1.5872,69.94707661,0.073425659,402719240,250228287.7,1517982132,53841.13043,194,116878.4768
9/1/2011,169.4149318,142.16,101.4,105,104.2,113.6,95.9,105.5,104.1817994,83.6,102.3,93.1,88.3,88.3,97.9,9524,6113,15731,40575.2,2164.23081,38535.82197,109.09,189.23,173.65,377.31,141.92,117.86,85.76,2989.5451,273900.1615,162.9686208,261130,311648,103.2,91.8,101,8003.511,3183.315,8741.327,17099.486,113,84,131.1,1005.137357,196.0850773,379.3980685,1.8544,64.36044003,0.071397,409310509,257560429.7,1551453243,55398.85714,274,117293.9224
10/1/2011,167.7488732,141.7,102.7,106.5,104.8,113.6,100.7,108.3,105.0127157,87,97,91.2,88.5,87.3,102.5,9365,6156,15671,41837.7,2691.233449,39050.66619,104.3,186.07,163.81,391.29,137.04,105.39,83.12,2291.7222,287577.1521,162.9738174,270949,280567,103.1,98.1,106.5,8008.27,3195.929,8803.864,17173.881,111.8,84.2,129.9,944.0615446,197.1831537,382.6988317,1.6885,68.54604679,0.068497083,412717601,255383754,1558711260,54668.85,227,133182.8124
11/1/2011,167.7488732,141.9,102.6,104.3,100.8,116,101.5,107.4,102.0289708,87.9,105.2,95.5,87.5,89.2,105.6,9303,6208,15484,40884,2620.14807,38144.68414,105.29,197.98,168.86,584.51,132.78,119.41,84.15,2165.5409,286826.0038,159.2945031,273358,321560,98.9,94.7,108.1,7953.929,3175.011,8912.384,17225.936,110.3,83.7,128.6,952.4201349,198.2479427,383.7321186,1.8109,63.49329063,0.066766187,414983459,263610827.4,1589247991,57093,224,122018.6746
12/1/2011,167.7488732,142.36,104.2,95.1,94.1,108.3,88.9,96.2,94.53561627,119,111.6,84.2,92.2,96.4,113.8,9483,6498,15282,42811,2598.52917,40064.79793,109.7,170.43,147.49,444.82,144.58,98.47,91.43,1868.6904,258745.2356,157.5343272,261245,348415,96.5,94.1,108.8,7812.776,3095.329,8901.355,17124.541,102.2,80.4,123.5,869.8558156,199.4176056,381.5064723,1.8758,60.5714895,0.065058285,420872648,286644699.5,1636222970,57407.85714,208,149095.4781
1/1/2012,163.1906661,134.31,92.4,88.2,90.2,79.8,86.8,88.2,93.5,88,97.3,88.4,81,84.7,106.2,9800,6466,14567,43141,1879.60416,41081.24536,81.92,164.09,152,339.8,99.71,91.71,67.21,1462.904,251891.766,146.5149303,210604,268273,99.1,104.7,104.2,7847.896,3142.203,8866.227,17181.636,102.5,81.8,114.3,796.9300727,200.3748101,380.133049,1.7391,65.82715198,0.070138378,423261828,261584117.8,1610840795,60697.61905,221,151503.2088
2/1/2012,163.1906661,135.65,93.6,89.4,89.9,98.4,82,89.2,93.6,83.9,87.9,81.8,80,85.5,93.7,9705,6608,15059,42758,2145.29071,40454.80829,92.22,151.73,140.81,308.71,108.62,99.43,81.13,1572.5516,247366.5698,144.600713,219068,249517,99.8,102.7,104.8,7866.192,3172.444,8860.315,17287.534,101.7,81.3,110.2,906.4810873,201.2163843,379.9429825,1.7092,65.35221156,0.075605042,425054072,258715120.4,1617431930,65483.21053,194,109058.5755
3/1/2012,163.1906661,147.2,98.6,99.8,97.5,112.7,104.7,99.2,102.8,92.5,107.9,94.2,90.1,89.7,100.6,10271,7037,15579,46170,2975.43512,43119.58625,105.33,172.54,159.03,360.33,144.36,88.86,84,2939.1627,284092.8149,167.8831318,313178,300574,102.4,98.8,109.2,7861.537,3211.092,8866.817,17373.215,107.9,82.2,126.9,963.9180244,201.7797902,381.1208057,1.8221,62.62005378,0.079408768,429860852,260159107.3,1634442683,66612.27273,176,124755.2122
4/1/2012,167.9709163,140.24,96.2,92.3,92.5,97.5,92.8,91.2,95,87.8,91.5,86.2,86.5,84.7,96.4,9928,6856,15530,42800,4240.92286,38337.79226,96.78,168.79,148.03,330.26,137.93,80.55,73.55,2988.532,264387.5591,152.9723257,266275,257887,103,96.3,110.9,7890.295,3254.514,8901.628,17457.549,112,83.1,129,904.2678663,202.8088671,386.1516003,1.8918,60.15435035,0.077488965,434077045,261455903.6,1629994080,62579,186,133801.8741
5/1/2012,167.9709163,145.29,104.3,102.2,102.9,106.7,102.2,99.6,103,91.7,106.9,95,92.1,89.7,97.1,9532,6417,15264,42285,4271.15659,37880.19622,114.5,184.89,166.85,356.23,161.11,110.51,83.59,4523.5325,291392.5989,164.6208958,286215,287465,101.9,94.3,110.4,7909.658,3270.233,8911.479,17504.991,110.9,83,131.4,947.3457689,203.7417879,389.9745012,2.0223,57.1626366,0.076076898,442527440,262128228.6,1654328934,57135.63636,243,116638.9752
6/1/2012,167.9709163,143.82,100.5,98,100.1,96.8,96.7,94.4,97.7,90.2,120.6,89.3,89.5,89,96.9,9605,6282,15159,40399,3464.828436,36853.32713,97.55,173.36,153.14,275.99,130.54,91.73,77.21,3165.3694,278680.6437,156.1953334,277722,353200,101,98.4,107.8,7919.286,3275.793,8923.256,17533.896,108.3,82.3,129,956.7877805,204.5567551,393.3282819,2.0213,57.01281354,0.075175097,449801588,268432209.7,1677832923,54664.8,213,121612.5772
7/1/2012,173.6256123,148.66,103.9,104.6,106,103.5,101.3,102.2,102.3,91.4,117,95.9,92.2,88.3,100.4,9274,6033,15214,41270,2734.64391,38557.70913,107.71,172.18,160.41,324.7,141.66,116.02,83.5,3196.9057,278234.1116,162.4677955,301142,364196,100.8,91.4,105.8,7943.565,3302.577,8946.616,17574.407,111.6,82.9,132.3,969.8256061,205.3749821,397.1828991,2.0499,60.39318991,0.074339333,460241954,268646728.8,1687274531,54616.61905,183,125529.2326
8/1/2012,173.6256123,150.99,104,112.5,111.4,110.7,117.3,110.6,108.3,94.2,133.7,103.3,98.9,90.5,101.2,9622,6303,15628,42421,3209.667465,39186.76893,114.64,182.88,184.51,350.03,152.73,116.88,89.81,2835.9349,305422.8384,176.3585582,333316,420080,105,100.2,106.1,7959.667,3315.022,8978.96,17627.706,113.4,83.3,140.9,1058.847095,206.4223945,399.0496587,2.0372,61.22128412,0.072881461,465932010,270288072.5,1703131971,58205.6087,181,114846.1331
9/1/2012,173.6256123,142,97.5,104.2,104.2,96.1,101.9,105,101.3,90.8,92.6,93.6,93.5,89.5,99.7,9749,6502,15573,41606,5481.220845,36092.14424,103.27,165.18,155.47,251.87,135.88,104.14,82.12,2502.2057,286054.5113,163.9549683,289693,288108,107.6,105.8,107.6,8025.292,3326.128,9015.939,17681.948,109.7,83,136.7,992.7176865,207.4338642,402.0824361,2.0306,62.5135428,0.070655442,474052528,278261810.7,1723293830,60056.68421,166,115717.376
10/1/2012,171.9139801,148.43,108.1,112.3,110.5,108.8,117.2,115.1,109.3,94.9,120.4,103.5,100.1,91.3,102.8,9788,6592,15548,44183,7157.564795,36992.91088,113.66,191.38,184.06,329.73,135.55,136.12,95.45,2381.7786,309879.0251,174.3975579,323940,341644,107.3,112.8,110.3,8043.176,3317.314,9065.334,17711.378,114.6,84,139.6,1067.195008,208.5540071,400.4338981,2.0313,61.83724708,0.068896453,479470968,276564520.1,1728286191,58590.77273,157,128030.6221
11/1/2012,171.9139801,145.03,97.3,105.8,102.5,100.2,111.8,110.8,102.4,95.3,110,100.9,94.5,93.4,106,10239,7051,15470,41678,8331.477791,33367.39346,107.16,194.98,162.27,328.94,129.47,116,91.96,1994.509,295406.313,164.5122841,314727,311772,103,107.6,108.3,8017.87,3275.455,9175.141,17749.385,109.6,83.2,132.6,1048.389181,209.5759217,400.5940717,2.1074,60.23536111,0.067634304,485716890,291266818.6,1744732763,57222.63158,153,122516.8487
12/1/2012,171.9139801,144.45,103.5,90.8,92.5,88.9,85.4,94.6,90.9,125.1,119.2,90.2,94.6,101.9,116,10133,7080,14834,44780,8286.919966,36433.444,103.01,165.79,148.35,358.47,133.95,109.29,81.88,1660.7036,256534.6844,153.3272879,268504,359355,101.7,107.2,108.5,7844.742,3179.848,9176.145,17605.377,98.3,79.8,122.6,913.6751818,210.7495469,402.7172202,2.0435,63.00464889,0.068530497,497139074,327180738.6,1778027744,59582.5,142,150370.3667
1/1/2013,167.6318712,140.44,94.3,94.5,93.9,98.8,99.1,93.5,95.4,93.3,105.1,98.1,89,89.8,105.9,10925,7202,14370,44527,8915.485722,35544.51795,82.76,189.86,168.4,257.97,92.18,108.13,70.43,1727.084,279147.939,156.7822898,291884,311453,103,115.1,108.2,7889.058,3215.889,9108.736,17616.929,102.5,81.8,114.3,904.2500689,212.2880186,405.4154256,1.9883,63.42604235,0.072071979,501669856,290360421.2,1736134228,61533.19048,155,161708.8247
2/1/2013,167.6318712,137.41,85.4,88.4,86.7,103.4,84.9,86.8,88.7,83.7,90.7,85.4,83.1,88.3,91.7,10475,7035,14790,42034,7979.94855,33997.7447,79.87,157.56,140.09,197.87,98.12,85.6,67.53,1785.9816,255515.5567,144.4189066,242072,235109,104.7,110.3,104.3,7919.58,3233.756,9099.34,17710.88,101.7,81.3,110.2,960.5485839,213.4131451,406.6722134,1.9754,61.75964362,0.077078393,506417662,289879582.1,1735313557,57877.33333,178,108589.1222
3/1/2013,167.6318712,149.43,89.6,98.7,95.9,113.7,105.5,94,100.6,96.6,109.4,94.2,94.5,93.1,101.5,10357,7147,15148,45809,7960.466411,37793.39786,98.04,178.85,163.47,289.5,120.69,105.21,82.92,3041.233,284536.5798,163.9063913,329103,283912,106.2,108.3,102.3,7943.213,3255.876,9102.894,17777.838,107.9,82.2,126.9,952.957379,214.4161869,408.5429056,2.0138,59.64346013,0.079667432,514654970,296814266.3,1769264153,56797.45,189,113943.0824
4/1/2013,174.7269915,151.23,90.6,103.2,98.8,120.1,111.8,100.2,104.1,89.3,112.1,100.2,97.2,92.5,97.7,10302,7051,15592,43127,7345.57288,35748.95544,105.89,200.35,176.89,346.77,145.22,101.31,81.08,4608.0998,297535.7181,169.7756576,352328,333738,106.6,105.8,100.2,7982.849,3291.146,9120.458,17854.57,112,83.1,129,1036.384371,215.5525926,410.6264744,2.0017,58.95488834,0.078283453,519548894,291405030.2,1766613638,54768.36364,173,134719.8285
5/1/2013,174.7269915,148.18,95.5,106.2,104.1,114.9,108.8,103,103.2,95.8,111.3,99.7,98.8,94.1,97.7,10242,6833,15569,42933,8992.100997,33987.31201,112.55,195.52,175.41,325.27,161.1,102.75,82.28,4784.0778,299681.9805,169.9245294,344556,316233,106,109.7,100.2,7996.807,3288.342,9120.564,17881.506,110.9,83,131.4,999.9470525,216.6734661,411.8583539,2.1319,55.43881045,0.075672617,527860458,297126430.8,1793989890,55455.95238,206,124438.6322
6/1/2013,174.7269915,146.07,97.1,102.3,100.8,112.1,103.6,99.8,100.3,91.7,109.2,93.6,94.7,94.9,95.8,10092,6595,15326,41264,8198.358352,33060.4727,111.72,177.45,167.06,321.1,143.13,100.39,94.96,3984.3047,276560.3699,163.3811582,323853,318619,105,105.4,99.6,8005.045,3290.111,9129.771,17926.64,108.3,82.3,129,987.2220312,217.4534906,414.4118757,2.2156,55.98032136,0.074237333,539315239,304884597.2,1832408036,49602.3,237,120703.8345
7/1/2013,178.4158335,153.38,100.6,109,107.8,117,104.7,106.7,105.9,97,114.9,105.9,101.3,94.3,103.3,10022,6454,15490,43170,7182.442985,35865.5191,111.71,217.14,189.62,338.19,148.79,102.11,89.65,3668.0827,288497.1031,171.770224,316740,342306,101.7,101.1,96.5,8012.771,3294.484,9131.545,17937.962,111.6,82.9,132.3,1038.733373,218.0841057,415.9451996,2.2903,55.2853338,0.072762897,551158753,299176201,1839144541,47160.13636,235,128129.4044
8/1/2013,178.4158335,153.11,101.9,113.3,110.5,122.1,114.7,111.5,109.3,100,116.6,107.5,102.5,94.7,102.6,10280,6601,15886,44321,7576.334279,36610.91795,117.01,193.81,195.52,312.79,161.72,119.5,85.9,4131.8499,297775.7808,176.9481374,343562,329143,103.6,105.6,100.9,8024.113,3307.145,9182.794,18003.136,113.4,83.3,140.9,1089.428596,219.000059,418.7320324,2.3725,55.51527924,0.070999661,558449217,302384746.2,1859194409,50061.72727,251,117639.7938
9/1/2013,178.4158335,148.53,97.2,108.6,104.6,119.2,109.9,108.8,104.8,94.6,105.5,103.3,99.4,96.7,99.4,10251,6760,15594,43397,7352.521589,36035.03264,111.33,179.87,179.8,288.27,153.86,117.19,81.13,3182.7851,293677.3491,171.2090478,322776,309872,104.3,102.2,102.5,8086.932,3337.269,9237.909,18075.206,109.7,83,136.7,1054.554303,219.9417592,426.478575,2.23,57.79820628,0.069289965,567882037,305905140.9,1876621044,53634.80952,236,117592.6454
10/1/2013,176.260149,153.12,104,113.7,108.5,127.1,117.7,115.9,110.9,100,115.1,110.7,104.4,98.7,104.9,10545,7071,15787,45532,7515.793484,38036.48582,121.77,222.19,201.66,397.31,140.57,124.17,111.07,2344.7923,326725.2959,179.7073388,322677,330203,101.3,99.3,103.4,8120.072,3333.285,9291.018,18109.549,114.6,84,139.6,1112.555888,221.2174214,430.0183472,2.2026,56.87823481,0.067052878,575369015,302533507.5,1887947207,54171.43478,220,134673.532
11/1/2013,176.260149,149.02,100.2,106.9,103,113,109.2,110.5,103.6,102,114.9,106.1,99.3,99.8,105.9,10711,7382,15810,44290,7860.019422,36428.60818,111.92,182.7,175.56,291.06,134.15,108.62,99.94,1774.7367,307368.0722,164.5571489,293155,302939,98.5,100.6,104.2,8085.844,3300.351,9394.543,18155.234,109.6,83.2,132.6,1067.509623,222.2128998,430.4053637,2.3249,55.58518646,0.064698402,584781093,319246933.8,1924347605,52815,247,156322.9947
12/1/2013,176.260149,147,99.9,88.9,90.1,85,83.1,93.9,86.8,129.9,119.2,95.2,99.9,108.4,115.5,10706,7572,15321,45665,7365.259394,38318.60992,111.01,172.92,152.9,281.65,129.28,120.48,98.71,1240.4841,266090.6846,154.9517729,231107,353843,95.9,99.7,103.2,7924.883,3215.512,9389.553,18031.784,98.3,79.8,122.6,906.7855487,223.5017346,434.4081336,2.3426,56.71049262,0.061724973,599825987,347945906.4,1969007339,50791.31579,224,162725.0947
1/1/2014,173.4449347,143.91,96.2,92.2,91.2,99.7,94.8,92.7,92.2,99.2,106.8,102.5,95,97.5,109.4,11798,7745,14537,49287.29,8070.202557,41267.70861,85.69,195.49,182.47,243.16,100.86,111.77,68.84,1158.2513,286021.9137,156.1023888,237390,312618,96,104,100.8,7962.126,3254.857,9312.202,18057.06,101.5,80.7,116.2,926.4931825,224.7309942,437.6661946,2.4263,55.79277089,0.06388575,604824604,317162853.8,1954785893,49139.27273,272,163155.2655
2/1/2014,173.4449347,144.68,86.8,93,87.7,112.3,104.6,93,93.2,90.9,95.1,99.7,94.6,94.1,94.6,11879,8204,15107,46102.49,9374.230446,36740.1697,87.2,173.82,159.68,220.48,108.79,96.08,69.53,2165.802,272719.3256,158.4708662,281627,259328,97.1,101.7,96.9,8010.418,3282.474,9333.196,18212.603,104.1,81.4,121.4,1051.203606,225.8771223,440.9049244,2.3334,60.20827976,0.067411931,609877474,320218602.4,1973256182,47367.35,245,112197.0137
3/1/2014,173.4449347,150.17,97.5,97.3,96,106.2,100.3,96.6,96.8,95.6,92,95.4,96.9,99.2,100.7,11289,7744,15079,48036.99,10748.24367,37374.15509,95.94,166.11,162.65,266.92,138.82,87.16,68.59,3901.566,292361.8806,161.321678,272754,240808,98.5,96.5,97.2,8015.481,3279.066,9306.851,18255.565,105.8,80.9,125,976.970351,227.2097973,443.373992,2.263,62.15642952,0.071597312,614875533,314966886.8,1988151211,47046.47368,228,116067.5019
4/1/2014,173.9641308,148.83,95.9,96,94.3,103.5,98.7,96.5,94,95.3,100.8,94.4,98.6,97.2,97.6,10780,7588,15260,44859.75,10214.21066,34720.33062,108.07,182.25,169.7,287.22,161.63,94.82,74.27,4945.7609,284209.0465,159.9151883,277091,293240,99,97,94.7,8009.759,3283.71,9324.066,18329.115,106.2,81.1,124,1024.221265,228.4821721,442.7532684,2.236,61.17620751,0.07132224,616830710,314276653.9,2001676247,51470.2,211,135875.6308
5/1/2014,173.9641308,148.33,102.8,101.6,100.9,104.8,96.3,104.3,98,100.2,103.9,101.5,102,99.3,98.6,10877,7304,14943,44408.27,10757.69452,33728.74747,112.41,191.39,184.65,285.52,172.12,94.97,75.14,4598.5508,297613.3617,165.5244949,281355,293362,92.6,92.5,90.6,7981.227,3285.759,9323.198,18371.095,108.4,81.4,129.6,1041.251411,229.944458,439.5654449,2.239,59.97320232,0.069689747,622339689,308844899.7,2020684014,53121.71429,208,116483.1925
6/1/2014,173.9641308,142.01,101.1,94.1,98.2,89,69.7,96.6,88.4,92.6,88.8,89.3,94.8,101.5,91.5,10322,6862,14683,41657.02,9794.846808,32061.54495,110.12,171.28,154.93,276.71,164.09,100.78,74.99,4251.9196,269361.2012,150.6520118,215943,263564,89.4,86.8,91,7953.399,3272.216,9316.289,18404.356,101.6,80.1,118.7,987.0232835,231.232147,437.2797046,2.2025,60.63564132,0.068392675,628926415,311272359.7,2044004118,53655.47368,208,120458.7465
7/1/2014,177.276255,150.96,107.4,104.1,104.4,105.9,91.8,108.1,98.1,96.1,100.5,102.5,105.4,98.1,95.5,10657,6773,14554,43241.34,10501.3042,32861.94933,126.71,205.27,185.38,278.89,181.51,123.45,90,3961.797,299990.7112,165.5754708,254348,294768,89.1,87.7,92,7938.283,3274.782,9317.208,18417.169,108.1,81.8,125.9,1052.346271,232.0414595,435.7929536,2.2674,57.90773573,0.068904432,636446769,307789296.6,2051783682,55789.72727,212,125233.1112
8/1/2014,177.276255,149.41,110.9,105.8,107.3,104.1,96.3,108.5,101.2,99.1,96.4,101.3,103.4,98,100.8,10440,6989,15134,43506.12,11755.80161,31881.62343,112.86,185.01,181.1,250.16,155.59,110.72,83.36,3291.4657,303410.1954,165.4311838,264637,272492,87.5,81.9,91.3,7933.476,3277.223,9359.212,18488.297,106.3,81.8,129.7,1085.699719,232.9696254,435.4007399,2.2396,57.98803358,0.068745736,640564030,311882823.8,2070067732,57748.38095,205,124326.6392
9/1/2014,177.276255,149.29,107.7,105.3,103.4,107.1,104.5,111.3,101,95.1,100.6,103.2,102.9,101,95.9,10576,7186,14975,43649.24,10361.89526,33415.59234,110.06,200.14,183.31,242.77,151.67,118.7,78.58,2599.8638,303388.4227,165.3463022,300931,296294,88.4,88.2,93,7958.699,3286.547,9397.267,18548.342,106.5,82.3,134.5,1122.873333,234.2276613,434.9653392,2.451,54.01468788,0.067664744,645474104,319775630.6,2092566952,58277.81818,239,118765.9242
10/1/2014,175.8622718,150.84,112.2,108.9,106.3,111.7,109.8,116,104.6,102.2,102.2,110.4,104.6,102.6,101.3,11141,7615,14929,46109.54,11194.26631,35071.72519,105.61,190.85,183.31,274.58,137.94,126.11,78.24,1843.8372,323352.8849,174.2717008,293328,306859,88.1,88.4,94.3,7946.538,3250.959,9430.801,18552.709,108.4,82.6,140.3,1163.155636,235.4222224,435.7047803,2.4442,56.98388021,0.066121232,649650206,318642122.7,2103752825,54342.30435,233,133149.2298
11/1/2014,175.8622718,146.05,105.7,99.1,97.1,100.9,96.9,106.7,95.6,103.5,104,103.6,101,103.1,100.3,11382,7974,15256,44420.02,11068.80781,33452.24252,91.7,176.26,162.01,274.69,119.13,106.06,68.8,1448.2922,302675.208,159.6880374,264830,294651,86.8,90.4,88.2,7903.494,3201.565,9536.381,18581.546,102.2,82,130.4,1029.477872,236.3168269,439.5825528,2.5601,56.62669427,0.064966138,655806257,331913314.1,2129053943,53578.63158,238,135937.6345
12/1/2014,175.8622718,146.59,110.6,84.8,88.8,75.5,75.4,92.8,81.3,130.3,108.9,96.1,100.9,108.5,113.8,11161,7856,14648,45621.15,11514.17884,34194.03071,106.25,173.64,145.67,246.59,140.37,116.72,80.84,1601.825,270568.7923,153.0853109,207597,370028,83.3,87.7,88.4,7737.892,3062.872,9519.437,18415.6,90.7,78.7,120.8,955.5639146,237.4747793,440.1540101,2.6562,54.41608313,0.064865138,664847301,356491810.8,2168345291,50006.95,259,148659.9187
1/1/2015,170.6473362,140.19,107.4,85.7,89.3,84.2,82,88.1,84.5,99.8,89.4,99.6,88.5,97.7,107.5,12544,8043,13709,50003,11492.3623,40111.76717,87.83,174.25,163.28,185.06,116.73,117.13,59.04,1444.0366,285661.3044,147.9211621,204716,253803,84,95.6,83.2,7765.833,3053.223,9421.858,18405.275,92.4,79.7,106.9,960.311706,239.2320927,440.3300717,2.6623,51.69965819,0.067924071,663517447,327149785,2146410815,48368.80952,324,156589.3543
2/1/2015,170.6473362,137.88,98.1,81.9,84.3,83.8,77.4,84,82.4,87.9,72.5,86.9,83.7,97.2,92.2,11766,8057,14407,44300.53,10587.06762,35024.06544,80.07,158.86,144.13,183.19,105.25,90.91,58.99,1251.4249,262272.7824,133.732206,205953,185944,85.3,90.4,77.4,7768.003,3026.406,9391.852,18468.945,92.9,78.8,109.4,914.6329096,241.0741798,440.9025008,2.8782,50.01737197,0.074132699,660210261,324456223.9,2150532536,50130.88889,322,113946.4871
3/1/2015,170.6473362,151.15,107.7,92.7,94.3,93.7,94.5,94.3,93.6,95.9,88.6,98.1,98.8,104.4,95.2,11083,7876,14516,48329.57,11839.5624,38000.09755,114.28,182.55,170.61,241.11,160.32,121.63,80.37,3038.2906,296467.2963,163.2722392,256480,234631,81.1,87.3,75.6,7753.175,3007.298,9394.867,18526.88,98.9,80.6,126.4,1017.285814,242.9063436,444.8706233,3.208,48.53179551,0.079275528,652549189,321729125.1,2165005595,50404.90909,322,117292.8991
4/1/2015,169.2062856,143.77,107.1,86.5,91.3,80.1,82.4,87.7,85.4,92.1,81.4,90.5,92.3,98.2,91,10873,7876,14565,44231.96,11590.12533,34844.04364,105.73,156.89,144.03,220.66,168.6,84.99,68.62,3234.8759,278143.5995,149.9277015,219623,219351,80.2,84.1,74.6,7700.891,2983.283,9373.84,18518.972,96,80.5,111.6,993.5641022,244.6552692,451.7216309,2.9936,50.7616248,0.080000401,650444733,313405301.1,2160020264,54495.45,295,133199.6513
5/1/2015,169.2062856,141.23,110.5,90.9,96.3,77.9,81,93.4,84.9,95.7,80.9,90,95.9,99.7,89.7,10540,7336,14250,43130.87,11835.14097,34302.41375,117.56,150.83,140.87,185.56,192.92,101.2,72.67,4188.7134,280946.7316,153.025413,213047,212696,77.4,79.8,74.1,7641.03,2951.024,9354.575,18487.587,97.5,79.8,116.1,940.7438646,246.4901837,454.9288545,3.1788,48.35157921,0.081238784,651079300,312421267.8,2175450337,55807.2,294,112435.1412
6/1/2015,169.2062856,140.1,109.8,90.3,97.1,74.3,69.3,94.5,81.9,90.1,82.7,90.5,91.4,100.6,89.2,10095,7047,14115,40879.66,12611.85442,31501.82094,137.39,165.15,147.64,225.22,210.42,118.54,92.72,4319.0931,274927.3925,147.9812011,187608,212524,73.3,70.8,73,7579.18,2923.935,9329.105,18449.148,96.4,79,116.1,1019.642919,248.2649131,457.3854703,3.1026,49.98066138,0.082958521,648879274,312595466,2182472623,53482.52381,304,118090.9551
7/1/2015,169.7184555,144.71,111.3,93.5,99,76.7,79.4,98.5,86.9,92.4,87.1,95.2,96.5,97.9,93.7,10093,6813,13891,42391.71,11456.83638,34091.92984,129.42,177.9,162.03,227.57,197.15,126.56,84.49,3975.4654,288584.8553,156.4033367,223145,227617,75.9,72.4,70,7518.805,2898.507,9294.448,18388.83,96.3,78.9,117.5,1007.059924,249.928288,459.4437049,3.394,47.23924573,0.085429691,650714091,306143635,2192049416,51558.95455,315,123696.2927
8/1/2015,169.7184555,142.24,115,95.4,102.2,70.2,82.7,101,86.9,92.2,81.4,92,98.9,98.2,92.5,10297,7050,14230,43400.63,11842.0531,34403.93265,111.73,140.41,134.08,200.93,166.65,118.52,72.83,2960.3674,286414.8512,157.0217321,216991,207250,75.2,66.3,70.3,7473.78,2870.981,9281.704,18394.094,95.2,78.3,119.9,1018.058593,251.3278864,461.189591,3.6467,46.06904873,0.087114988,647539584,304234885.3,2194277541,47687.38095,340,113247.1311
9/1/2015,169.7184555,139.63,110.7,92.3,96,73.9,75.9,103.2,83.1,89.1,78.8,90.2,96.3,100.4,89.5,10419,7134,13957,43638.54,12000.93841,34095.11363,118.72,148,139.18,165.31,166.98,124.61,83.61,2656.9572,292075.8722,154.2633067,176757,200077,76.5,73.7,65.9,7465.453,2840.161,9264.378,18360.121,93.4,78.3,122.8,1034.061648,252.9363849,468.0613159,3.9729,46.21812782,0.088725797,646378452,303100687.7,2215230386,46314.2381,442,114494.5364
10/1/2015,166.1357549,141.54,111.5,95.5,98.9,75.4,78.8,107,87.3,96.4,77.8,93,97.6,99.3,96.5,11131,7602,14064,46249.29,12329.07383,36697.87378,120.01,157.26,140.63,177,173.77,130.56,81.42,2668.2277,312799.916,160.1046159,208097,192147,77.7,74.2,68.6,7419.495,2787.973,9259.671,18314.207,94.3,79.2,119.7,1051.303255,254.605765,478.4990833,3.8589,47.94889735,0.089382927,647197563,305963430.6,2233449901,47281.38095,410,120392.3944
11/1/2015,166.1357549,137.24,95.2,86.6,86.9,69.8,69.2,101.1,79.5,95.4,78.6,89.5,92.5,98.6,93.7,11115,7759,13827,44723.03,11106.74102,35978.73833,103.05,146.04,129.91,142.45,138.69,115.22,75.22,2038.2639,292370.5802,147.8623561,173874,195176,74.4,74.9,68.6,7344.015,2730.102,9311.651,18290.667,90.1,78.3,111.8,955.6385785,256.5153083,483.2362242,3.8506,45.74611749,0.089904032,649996769,317743944,2250721750,47089.21053,432,112655.1201
12/1/2015,166.1357549,137.46,98.3,74.6,78.7,51.6,56,88.3,64.8,120.9,87.1,84.1,94,108.1,105.5,11067,7821,13327,46399.17,10320.96161,37952.81286,130.36,120.11,103.52,124.95,162.92,146.53,102.56,2018.3037,273545.8952,144.6145912,141798,227760,72.5,77.6,67.1,7158.098,2620.673,9270.153,18094.563,79.9,75.6,103.4,913.2550911,258.5417792,482.5596935,3.9048,45.62333538,0.089458232,659005512,340656026,2314792171,44681.55,523,142091.7414
1/1/2016,161.8355328,129.36,89.5,74.6,78.9,54.7,58.5,82.2,68,89.2,70.3,81.7,83.4,95.6,103,11821,7756,12538,46547.93,8649.389231,39092.56834,90.88,122.35,108.38,90.07,127.99,108.29,59.74,1412.14,264276.2464,133.0425568,152778,155283,74.7,83,70,7142.03,2618.013,9200.637,18077.502,81.2,76.1,91.2,799.9968725,260.7135301,488.5434337,4.0428,45.36212526,0.094910004,650996716,315444065.4,2281592717,39390,512,148165.5982
2/1/2016,161.8355328,131.83,87,74.4,77.5,63.4,54.8,82.1,71.3,84.2,67.6,77.3,82,92.3,90.9,11352,7719,13368,46338.65,7133.628529,40366.23571,109.91,123.3,112.1,99.44,146.9,135.47,76.55,2155.4032,250935.6757,134.9316341,144333,146809,73.6,84.6,70.4,7116.017,2598.462,9145.014,18080.113,83.6,76.6,98.5,929.2796922,262.6167389,490.30219,3.9796,45.36636848,0.102049302,648289784,313225862,2282081865,41024.68421,502,100884.7162
3/1/2016,161.8355328,141.6,90.5,82.8,83.8,72.8,71.8,91.1,78,90.4,78.7,83.7,91.7,98.3,91.6,11318,7809,13796,48427.45,6823.602409,43176.41457,131.69,140.94,130.43,137.34,202.68,125.86,85.95,3869.1894,279678.4316,151.2603865,200352,179219,77.3,87.5,68.2,7092.493,2572.226,9103.001,18067.276,88.9,77.5,108,964.0370381,264.218701,490.2531598,3.5589,47.88277277,0.108880965,647003070,307747242,2282327389,49173.77273,409,109579.0367
4/1/2016,163.7235485,137.07,90.5,82.1,84.5,68.1,63,91,75.1,85.8,70.2,78.7,85.7,95.3,88.2,11784,8066,13871,46820.68,8456.909663,40608.81461,124.4,125.19,119.8,124.56,201.86,110.92,77.18,4055.0702,277713.8336,145.2012441,171298,162939,79.7,90,64.6,7076.782,2555.17,9072.578,18060.989,87.8,77.4,100.4,958.7649592,265.9889663,489.9099826,3.4508,47.73385882,0.111718312,642773092,310654442.2,2279766492,51851.45,385,126129.5689
5/1/2016,163.7235485,134.68,98.1,84.8,88.8,70.5,66.1,91.9,77,87.1,70.2,80.5,87.2,97.1,83.4,10942,7403,13835,44144.31,7900.847043,38809.42506,135.08,138.68,132.57,125.35,200.49,131.75,92.13,4048.8838,278446.8596,144.1892693,178895,167489,79.2,89.3,69,7056.214,2524.777,9043.538,18027.761,88.5,77.4,102.1,912.9826759,267.9306858,493.3883435,3.5951,46.24349809,0.111744136,640246589,308421255.5,2293163673,51015.66667,403,106344.6651
6/1/2016,163.7235485,136.38,96.2,86.6,90.2,73.5,64.3,93.6,76,85.7,70.1,81.9,88.1,99,82.5,10607,6861,13733,42411.72,8154.599356,36668.73973,127.14,156.5,136.6,123.97,182.7,137.85,85.54,3410.1319,282474.5638,143.8016746,186250,171797,81.8,89.1,71.9,7026.395,2494.133,9016.601,17988.058,89.3,77.4,106.8,967.896191,269.5114768,496.8914007,3.2098,52.02193283,0.113079233,640680041,309494071.9,2308759810,50183.65,350,109693.692
7/1/2016,165.5563334,137.66,101,88.2,94.3,68.6,66.6,92.9,77.8,87.2,68.6,83.2,88.1,96.4,91.6,10380,6706,13944,43213.43,8447.079859,37644.85414,121.35,141.33,138.63,120.08,160.28,129.05,91.02,2967.0764,287969.7713,145.4645683,191779,181408,87.3,89.8,76.7,7012.467,2464.709,8999.865,17950.6,89.2,76.8,100.9,953.0192202,270.8859853,495.4007265,3.239,49.0182155,0.115675378,643807200,308041977.3,2316032533,55021.61905,339,117672.4814
8/1/2016,165.5563334,139.26,101.8,91.9,95.6,74.4,73.7,99.6,80.8,87.1,70.8,85.7,90,98,88.7,10447,6787,14136,44450.48,9365.045267,37674.17551,123.68,153.55,158.18,124.73,163.22,140.74,90.84,2578.7633,294391.3793,148.1513355,181197,183890,87.6,92,79.9,7021.044,2440.967,9001.446,17945.688,90.2,77.7,105.3,994.8825681,272.3758583,497.085089,3.2403,48.02333117,0.117594996,643658871,307450957.5,2329463991,57987.65217,309,101754.103
9/1/2016,165.5563334,135.06,100.4,89.4,92.5,70.9,70.2,99.6,74.3,84,67.6,80.6,87.6,98.5,84.4,10898,7063,13958,43351.09,9690.096898,36132.80059,114.53,143.18,146.17,123.29,146.22,139.41,83.86,1719.6566,282386.6561,143.4763017,172105,159961,90.7,99,81.3,7031.639,2411.731,9005.899,17930.344,88,77.6,103.4,1001.253515,273.3019362,500.0675995,3.2462,48.77395108,0.117939462,645433350,317175000.7,2332124632,58424.14286,319,105103.4555
10/1/2016,162.4567904,133.71,101.8,88.7,91.8,69.2,72.4,99.5,74.4,88.6,67.2,80.5,84.6,94.9,90,10855,7078,13804,45267.76,9988.514734,37725.36033,98.95,135.73,137.9,124.29,127.14,115.91,73.8,1330.4206,288332.6133,141.2934156,177570,159037,88.3,94.1,84.4,7027.528,2376.333,9018.217,17898.027,86.7,77.6,98.9,939.7122372,274.3951439,501.1677482,3.1811,49.69035868,0.118058088,646800713,316877432,2336941131,62326.9,313,164593.0126
11/1/2016,162.4567904,133.39,99.4,84.8,86.1,72,74.2,96.2,71.6,91.8,71.3,85.7,85.2,95.7,88.4,11133,7375,13822,44130.53,9787.9623,36947.20239,111.81,137.53,138.28,139.82,122.32,124.65,97.03,1028.8453,285381.9642,138.4064134,219084,178156,85.7,92,80.9,6977.255,2322.502,9076.143,17858.373,85.5,77.2,101.4,922.5151003,275.465285,504.9265064,3.3967,49.09470957,0.118458247,652682548,326416038.6,2367445062,61619,337,112204.7434
12/1/2016,162.4567904,134.38,105.3,73.7,78.1,60.4,59.3,85.4,60.8,115,75.4,82.7,87.2,101,103.9,11358,7562,13448,46312.94,7150.460396,41270.1347,111.35,136.77,133.03,126.12,125.46,134.82,92.55,1160.3854,265560.5997,138.1971778,201143,204329,80.9,91.4,75.6,6852.227,2235.734,9055.11,17681.977,79.3,74.9,97.4,852.7851552,276.4845065,514.9240512,3.2591,52.256758,0.120195791,669286299,356165117.3,2425786944,59125.71429,328,140778.4857
1/1/2017,162.4660361,129.65,101.9,74.9,79.9,58.2,61.2,84.4,65.7,88.1,67.8,85.5,80.9,95.5,98.9,11881,7775,13105,48721.44,5937.394834,44857.15044,100.59,146.55,151.22,108.26,136.49,132.56,66.27,1186.449,278849,129.1291625,179376,147219,85.2,94.1,81.9,6870.591,2234.538,8995.88,17671.95,79.1,75.9,84.5,803.3034193,277.5351477,521.3606018,3.127,52.83978254,0.125630351,662201480,320264199.7,2370890570,63533,289,147051.9733
2/1/2017,162.4660361,130.67,93.2,73.7,76.1,65.8,66,81.4,65.3,81.1,57.4,75.8,78,92.7,84.8,11330,7670,13323,45456.81,5129.645013,41850.48675,103.74,128.28,123.21,86.89,148,110.03,71.82,2039.1527,259452,127.9784441,201763,135667,86.9,95.9,82.4,6873.356,2220.777,8975.253,17732.396,80.2,75.2,87.7,906.3945158,278.256739,521.7776903,3.0993,51.49549898,0.131570471,664105901,327533934.4,2381403852,66444,286,100798.7404
3/1/2017,162.4660361,143.4,99.2,83.7,84.9,76.1,78.3,92.1,75.8,87.5,74.8,91.7,89.9,96.3,88.7,12107,7956,13908,49573.33,7190.253025,44142.60871,132.49,149.95,148.83,128.8,199.25,114.78,91.79,4193.8098,298974,149.8878588,236568,189149,90.9,98.4,85.3,6872.454,2210.57,8941.189,17718.852,86.1,76.9,105,984.4764445,279.0358579,520.2123572,3.1684,49.25830072,0.137363172,662919497,319121098.7,2392998067,65027.78261,270,107890.9836
4/1/2017,165.1633612,134.87,96.5,77.2,82,64.3,63.3,82.2,65.4,87.3,61.7,77.7,84.4,92.8,85.3,11110,7684,14007,44178.44,8523.443232,37976.76835,118.34,122.12,121.97,122.98,183.35,102.44,79.05,4442.3637,266502,132.6913542,191554,156894,93.2,97.7,81.8,6885.439,2208.861,8946.965,17746.336,82.7,76.3,90.2,869.3825541,279.9845798,514.0218302,3.1984,48.82128564,0.135915062,665181328,321377736.5,2408224136,64468.22222,263,124492.0511
5/1/2017,165.1633612,137.21,103.5,88.4,91.9,76.1,79.7,93.8,72.5,89.4,74.1,88.1,91,94.4,84.8,10912,7195,13598,44762.59,9398.324167,38125.84838,137.26,138.94,134.32,146.01,213.17,134.91,88.59,4653.4747,295680,149.5223628,253398,195562,91.9,95.2,82.5,6886.431,2204.392,8936.024,17749.998,87.9,77.9,103.7,936.3065861,280.6285444,507.6479595,3.2437,49.33871813,0.133038921,668998341,320363481.5,2441625062,65116.59091,284,106016.0508
6/1/2017,165.1633612,136.2,102.5,86.7,91.4,74.1,67.9,92.3,70.8,88.2,72.8,87.3,89.9,96.3,85.9,10753,6937,13919,42849.53,8198.978714,37169.0742,139.05,144.72,142.18,135.82,215.85,145.46,87.18,3886.6101,290845,141.5409456,214838,194954,89.2,90.2,81.4,6879.144,2194.149,8933.534,17743.708,86,77.2,102.1,980.6764795,281.4143043,502.2668911,3.3082,48.28607702,0.129973475,678744382,327275748.7,2476389638,62015.71429,289,113170.9908
7/1/2017,168.2627383,139.55,104.4,90.6,95.3,73.8,72.3,96.9,73.4,89.9,72.9,92.4,90.8,92.5,93,10389,6653,14082,42757.15,10523.20245,34964.53522,135.25,144.49,142.96,119.93,194.28,127.84,97.34,3295.3518,297039,149.1385087,225831,184815,92.2,89.3,81.8,6893.043,2194.111,8944.517,17749.132,86.3,77.8,102.5,978.2611387,281.8364257,500.2075969,3.1307,50.33059699,0.128095224,684707833,327227634.9,2471837238,64503.90476,267,115674.9612
8/1/2017,168.2627383,141.36,104.2,95.7,97.4,81.3,87.4,103.3,78.6,90.2,80.8,96.8,94.7,94.6,84.9,10435,6712,14197,44440.67,12758.61611,34100.95939,139.31,161.73,159.51,136.8,205.28,139.98,94.55,3597.9253,321047,154.4310401,266489,216534,94.1,93.4,81.4,6906.121,2193.87,8956.115,17772.988,89.3,78.6,110.2,1014.806566,282.5692005,505.0095898,3.1471,49.00702234,0.125829984,690409721,323777554.1,2492169887,68804.30435,272,112582.1317
9/1/2017,168.2627383,136.17,102.3,91.8,94.4,75.5,81.5,99.2,73.9,89.2,74.8,93.1,90.6,92.8,88.2,11066,7118,14146,44286.47,12481.98555,34281.50418,129.13,157.76,155.79,129.18,185.65,142.36,88.27,3078.8588,300342,148.2010346,239763,199211,95.8,94.1,84.3,6931.877,2193.418,8972.111,17775.832,86.4,78.4,107.2,1018.233041,283.2473665,510.3121905,3.168,49.72853535,0.124264628,697406903,328886427.3,2508420744,74306.25,246,114230.31
10/1/2017,166.3259739,137.14,104.2,94,95,79.8,85.3,104.2,75.9,90.9,76.4,95.4,91.8,92.8,90.3,11119,7316,14173,46746.84,13181.42772,36002.05207,127.63,157.24,149.44,157.37,175.67,146.68,89.59,2410.3988,313171,152.3150877,253906,202857,97.3,96.3,88.2,6965.436,2188.021,9010.522,17790.683,87.3,79.2,110.6,997.3971787,284.2104076,509.495691,3.2769,49.59565443,0.122136449,698581334,327808404.2,2496090138,76115.38095,243,125818.5714
11/1/2017,166.3259739,136.35,100.5,89.4,89.9,77.9,85.5,98.8,74.7,97.3,77.6,98.2,90.8,94.9,89.7,11413,7486,14316,44970.59,11409.56202,35907.714,114.56,150.16,142.09,168.72,151.05,122.23,86.31,2038.2227,308457,145.4592525,254073,204205,97.6,102.9,89.5,6937.184,2163.531,9078.862,17786.295,85.8,79,108.2,972.9669193,284.7788284,515.3039419,3.2616,52.47424577,0.12025122,705588126,342301497.2,2521295283,73357.42105,241,123597.943
12/1/2017,166.3259739,137.09,101.7,78.4,81.8,66.5,71.8,86.1,65.7,119.5,80.2,90,91.4,103.3,100.3,11389,7628,14073,47497.29,9026.618477,40496.7455,118.43,141.13,132.66,142.89,151.51,125.2,92.59,2156.257,276331,141.3913417,219697,212615,96,103.1,89.2,6831.745,2108.324,9083.783,17661.928,78.9,75.7,100.9,862.5614637,286.088811,521.2299372,3.308,51.28476421,0.117909974,727981354,376582679.6,2560293067,73611.05263,240,147399.35
1/1/2018,164.8294508,133.32,101.7,79.8,83.4,68.4,73.4,86.2,68.3,90.9,80,91.8,84,90.7,96,11849,7636,13597,49386.64,6592.462046,44415.83806,112.93,158.91,149.56,146.72,155.91,125.93,78.76,1646.9471,291176,137.6878859,219217,181266,96.8,107.4,90.8,6880.288,2124.337,9036.445,17705.944,80.4,76.6,89.2,839.1301314,286.8898597,526.1294986,3.1624,54.13609917,0.121540162,725734249,341240297.8,2519135979,80826.95238,229,160386.3906
2/1/2018,164.8294508,131.13,88,75.9,77,70.5,76.1,80.6,66.4,82.3,68.9,80.2,78.5,87.8,80.4,11539,7637,13845,44585.48,5729.921163,40279.75658,114.55,158.94,129.43,146.68,137.65,108.55,98.57,1842.5474,267950,130.4709038,213498,156905,99.3,105.4,88.9,6894.871,2120.551,9012.59,17782.921,80.9,76.6,91.1,925.6088242,287.6070843,526.1821116,3.2449,52.93845727,0.125864294,727848592,342993518.7,2534576738,84633.77778,238,111398.4411
3/1/2018,164.8294508,143.03,96.5,85,84.5,82.9,90.5,90.2,73.6,94.5,86.7,90.4,89.2,95.4,89.6,11793,7798,14023,50616.96,6805.573799,45766.95196,132.11,150.25,142.65,172.03,197.74,119.65,90.67,4107.3726,303166,151.4383284,267539,207365,102.8,106.9,93,6903.79,2128.374,9007.418,17844.747,85.4,78.2,104,979.1354213,288.3548627,525.7085477,3.3238,50.87249534,0.131213489,734825268,348700366.7,2588604399,85196.57143,246,112069.2234
4/1/2018,166.9025376,140.3,95.3,85.4,85.9,79.3,86.1,90.2,71.2,87.9,84.1,89.8,88,91.8,86.2,11781,7928,14539,45911.73,6700.653488,41881.84048,126.55,145.19,140.4,179.77,197.11,111.3,83.99,4625.5855,288924,147.0160813,266549,217330,102.2,105.1,88.1,6926.373,2143.418,9017.63,17910.167,86,78.1,97.7,968.3100058,288.960408,530.7553497,3.4811,50.5098963,0.128731092,738795110,352401143.4,2588679856,85031.90476,250,131826.7249
5/1/2018,166.9025376,133.47,104.1,81.9,87.3,71.2,70.8,85.1,66.7,91.8,75.6,86.5,84.1,93.1,83.4,11229,7473,14048,44555.86,7789.488009,39669.06693,124.99,140.78,133.85,155.63,219.04,114.8,66.99,5401.1381,235806,114.0777374,212329,201897,101.3,103.3,86.9,6920.165,2145.847,9006.096,17929.314,87.1,76.5,86.7,765.4502516,289.5961209,544.8203665,3.737,51.35670324,0.127100678,744039511,351359278.5,2617177490,82294.61905,307,111481.5153
6/1/2018,166.9025376,138.37,102.5,89.6,92.9,80.6,77.9,94.1,73.6,89.6,80.3,92.2,93.9,97.7,82.3,10918,6961,13525,42753.85,9947.668889,35786.25551,130.56,153.44,151.85,190.03,190.54,135.23,88.77,4702.0536,322735,153.8434907,256311,201982,98.5,90.2,81.8,6900.925,2143.937,8984.637,17929.268,86.2,77.5,111.6,1050.765687,290.8124246,554.7905792,3.8558,51.33305669,0.124422321,752524350,352327417.1,2665400470,72680.2381,332,114566.561
7/1/2018,170.8490805,142.35,105.5,94.6,98.5,79.2,84.7,98.2,75.5,89,84.9,94.3,92,92.6,92.9,10643,6734,14170,44268.42,11238.11467,35979.43906,144.68,200.27,171.47,172.7,249.86,115.42,85.81,4594.8126,309351,154.5567646,245935,217509,100.8,102.4,83.4,6907.356,2153.779,8984.835,17940.33,87.2,78.2,106.7,1010.864476,291.8593493,559.9501316,3.7549,52.4754321,0.123108078,759125383,350044108.3,2665423518,76993.19048,267,125374.2272
8/1/2018,170.8490805,144.73,104.2,97.5,98.1,89,96.1,102.6,79.8,93.9,93.6,102.5,98.9,93.6,89.1,10689,6908,14486,45018.44,11380.06994,36484.66157,142.07,202.31,172.16,224.42,210.72,104.35,106.8,4172.6088,328324,159.4117401,291099,248623,101,99,83.4,6922.417,2165.31,9003.699,18006.971,89.7,79.3,115.1,1054.58801,292.7641133,563.8137875,4.1353,48.04488187,0.121249545,767980281,358805568.8,2700115557,77799.78261,345,113288.4119
9/1/2018,170.8490805,137.16,100.9,89.5,91.4,78.6,78.1,97.4,74.8,89.4,83.1,91.6,91.6,95.1,88.7,11007,7030,14419,44334.43,11396.7193,35226.81959,126.33,150.94,150.09,170.79,196.11,139.26,77.37,3080.6113,297502,148.1311493,223081,213339,98.7,97.5,83.6,6958.351,2177.557,9031.712,18069.244,84.9,78.3,107.6,997.9204919,293.5838528,578.9803784,4.0039,52.59621869,0.118816984,779246716,364408415,2745597668,77062.26316,293,113789.6057
10/1/2018,168.3599365,141.1,106.7,94.4,94.1,88,91.4,104.3,79.7,92.7,91.8,101.7,94,94.1,92.2,11412,7393,14312,47436.14,9210.725269,40663.61618,141.73,173.55,164.53,188.48,219.63,139.37,92.23,3289.0314,325368,157.308765,263186,254732,95.7,97,87.7,6965.994,2177.502,9066.206,18096.975,88.3,78.9,110.3,1026.42019,294.3471708,582.3963626,3.7177,53.18610969,0.117309012,779696012,355996999,2736098216,84196.40909,260,125989.2515
11/1/2018,168.3599365,138.92,102,87.9,88.2,79.9,83.4,98.1,73.7,101.7,87.5,99.5,91.5,96.1,92.6,11639,7603,14498,46022.6,5594.27999,42945.97525,138.4,180.47,155.34,151.99,196.94,130.1,104.23,3358.8213,309739,148.2855126,244771,230945,94.9,97,95,6941.418,2162.372,9155.082,18131.226,85.4,78.3,107.5,993.424046,295.3479512,573.8351361,3.8633,49.93658271,0.115761625,783382482,369086398.6,2744519065,87440.05263,270,122347.5595
12/1/2018,168.3599365,137.58,106.8,74.3,79.3,63.3,62.3,84.4,63.3,120.3,86,89.5,91.1,106.2,103.4,11519,7696,14001,48572.2,4568.751767,45868.24852,131.9,135.65,127.8,96.01,202.8,132.05,87.67,3148.0829,266088,141.196963,177503,234531,92,96.5,94.9,6829.682,2107.599,9173.367,17994.684,77.3,75.2,97.8,894.383291,296.4702734,568.9575374,3.8748,49.99741922,0.115856914,800889430,402470489.2,2827657330,87065.05556,276,145246.9701
1/1/2019,165.8079654,134.92,103.1,77.8,82.7,63.5,70.2,84.6,69,92.6,87.1,93.9,84.5,93.8,100.2,12797,8096,13575,52916.33,4574.662313,49772.31099,122.49,179,154.86,137.83,169.23,141.47,88.73,2066.9623,288855,143.577055,199145,199794,94.6,96.8,98.7,6866.102,2122.917,9108.057,18034.331,80.4,76.2,88.8,891.0232964,297.8636837,569.1851204,3.6519,51.18157671,0.120334363,792574332,365787834.1,2759819612,94495.66667,238,156985.6037
2/1/2019,165.8079654,134.56,79.8,79,76.9,75.4,85.8,83.4,69.7,85.6,82.5,87.9,80.3,93.2,84,12603,8198,13575,46958.7,6474.661952,41729.00778,109.85,140.54,141.06,134.85,171.11,97.37,75.24,2737.6102,277593,140.7241535,257939,198641,97.6,101.5,96.1,6894.618,2134.913,9115.962,18160.319,83,76.3,92,982.8321084,298.4594111,574.5923791,3.7385,50.12170657,0.124393661,791418686,369288761.9,2766243640,96730.15,239,117478.1925
3/1/2019,165.8079654,139.63,83.6,80.7,80.9,73.5,76.5,85.6,70.9,90.3,85.5,90.1,82.7,96,93.7,12338,8062,13858,49567.66,6149.024396,45265.78187,119.94,146.43,139.6,148.71,196.71,108.85,75.59,3766.824,288938,146.4453473,240763,209165,98,100.8,92.8,6891.083,2127.259,9087.277,18167.403,83.9,77.2,96.6,924.1461188,299.4443271,579.1891181,3.8967,49.32122052,0.127192399,796364767,370246133.1,2803485241,96304.15789,253,111395.512
4/1/2019,168.6983001,139.94,73.6,84.6,81.1,79.4,86.9,89.5,71.6,89.5,89.9,93.5,83.6,93.8,89.3,11554,7805,13676,47113.09,6306.240762,43131.32483,130.23,150.34,147.91,118.46,211.49,117.93,83.58,3879.5485,292364,148.2484414,267561,231936,99.8,101.7,88.6,6910.587,2142.538,9100.925,18233.589,86.3,77.8,96.9,975.6867317,300.5522711,588.456144,3.9453,49.45884977,0.124849587,796502550,368569032.4,2814043282,95369.28571,252,131382.6744
5/1/2019,168.6983001,140.32,86.7,91.5,90.2,86.2,90.8,95.3,76.3,92.7,94.5,96.7,88.9,97.6,88.8,11904,7779,14126,46655.87,7003.651346,42791.40404,137.86,165.85,157.22,157.52,218.55,140.92,87.43,4138.5082,304410,155.5281868,275747,245440,97.7,98.8,85,6903.21,2151.013,9089.699,18238.177,88.1,78.7,102,973.240067,301.4238727,597.0476037,3.9407,48.53706194,0.122570352,798870075,364546273.4,2834564514,94167.40909,274,113532.6333
6/1/2019,168.6983001,136.22,87.5,85.6,87.3,76.7,73.4,89.6,71.1,89.7,88.3,89.2,83.8,96.7,87,10877,7118,13760,43156.9,6557.513885,39528.51384,120.53,147.41,143.23,134.32,190.74,121.56,77.03,3550.1256,274766,143.0437229,233150,223198,96,94.7,86.9,6892.416,2163.886,9087.559,18260.74,83.3,77.5,97.6,975.593736,302.0267205,599.3163846,3.8322,47.45576953,0.120311381,804274578,369510305.7,2858389652,98992.42105,239,119647.4089
7/1/2019,172.8921106,144.03,96.3,93.1,93.4,84.1,86,99.8,77.9,92.8,99.9,102,90.6,96,95.5,10918,6916,14000,44151.53,9396.075608,37555.59425,130.75,198.93,198.1,155.08,210.53,119.38,84.5,4082.8424,309879,160.7123253,266992,243614,96.2,94.1,87,6897.772,2182.768,9093.198,18268.337,86.5,78.1,104.1,1052.433654,302.5703686,601.6537185,3.7649,47.94018433,0.118404567,805719122,365411718,2863388897,103462.6818,212,130579.674
8/1/2019,172.8921106,143.35,102.3,95.5,96.2,85.5,91.2,102.4,79.9,95.2,96.2,101,91.2,97.9,89.9,10988,6955,14119,44763.35,10944.63636,36677.92149,123.54,178.57,173.47,162.07,194.88,119.93,80.42,3542.4308,319981,159.3366374,269758,242985,97.7,96.5,89.1,6915.488,2199.661,9118.418,18332.169,88.1,78.7,108.6,1072.124606,303.2662804,592.6890781,4.1385,43.73323668,0.118320072,810065572,369621211.5,2886706081,100609.5,248,120110.4238
9/1/2019,172.8921106,139.86,98.1,91,91.5,79.8,84.9,99.3,76.3,91.4,91.8,96.9,90,97.6,88.5,11365,7251,13791,45371.38,10535.49893,37460.56185,138.68,188.73,170.26,139.05,208.86,119.68,100.72,3259.9017,303191,155.1699503,247455,234848,97.9,95.9,89.7,6955.866,2218.017,9147.356,18396.846,85.2,78.7,107.6,1025.47196,303.6605266,596.1266747,4.1644,45.73287869,0.117716221,821615885,380234469.3,2930316711,103539.3333,247,114013.8874
10/1/2019,171.1684479,144.26,98.9,96.8,94.3,86.1,98,108.2,80.1,96.6,100.2,108.4,94.5,98.9,94.5,11924,7756,14306,48427.11,11388.78435,40208.52179,135.86,196,200.04,146.58,223.47,135.56,82.18,3458.4596,334027,166.3681911,288519,253361,95.6,98.1,91.6,6965.189,2224.754,9192.101,18414.893,88.3,79.3,114.7,1098.844707,304.2071155,599.8226601,4.0041,48.61267201,0.116208267,824232326,374708232.8,2941569054,107220,240,127837.8549
11/1/2019,171.1684479,140.3,92.4,87.4,85.7,77.4,84.3,99.2,75.1,104.9,92.9,103.9,89.9,99.8,93.3,12377,8118,14070,47016.24,10612.95094,38967.6743,122.7,160.73,148.7,128.79,184.89,128.24,83.46,3115.5134,322622,152.1620125,227455,242310,95.1,97.2,91.2,6940.167,2216.387,9299.511,18458.666,84.9,79.2,108.1,1008.211288,304.8155297,599.7626778,4.224,48.359375,0.111621299,829347597,398560924.9,2981766507,108042,239,124721.6354
12/1/2019,171.1684479,139.36,93.9,74.8,77.7,59.4,63.3,85.3,63.2,123.5,94.4,93.8,89.6,109.5,101.7,12176,8065,13442,48458.25,8427.410447,42131.01364,129.55,145.93,134.37,146.9,216.2,118.03,79.3,2509.7409,285962,143.6484419,170504,262558,95.3,100.8,93.5,6840.134,2166.925,9317.359,18328.503,76.3,75.6,96.8,869.7404209,306.0043103,609.5388095,4.0307,50.99362394,0.109545694,849177209,439257141.3,3073727066,115964,214,145481.0188
1/1/2020,165.3914671,134.91,87.8,79,81.4,66,71.8,84,68.9,93.9,95.7,96,85.3,95.7,100.4,12907,8042,13476,50377.56917,8898.748161,43662.17814,99.65,190.12,159.55,137.6,146.79,121.35,65.86,1370.2619,310938,144.2403058,191731,193459,97.5,101.5,93.8,6891.632,2193.986,9259.171,18359.054,80.2,76.9,90.9,899.4369989,307.1976879,610.3921638,4.2695,48.61459187,0.112317918,839337057,396901704.7,3006919226,113761,225,164354.007
2/1/2020,165.3914671,135.35,80.1,78.7,79,71.9,76.8,82,69.1,89.6,82.4,86.2,81.6,92.9,86.9,12370,8019,13736,47597.47568,5795.284151,43865.05977,106.68,155.91,137.81,108.34,169.34,100.91,69.57,2275.3718,288448,141.2941839,204203,200997,99.7,99.9,90.5,6923.366,2215.13,9264.326,18483.452,82,77.5,93.6,979.091675,307.967655,606.1194187,4.4987,45.92882388,0.116386301,838021934,402158077.5,3017807837,104172,252,112138.5935
3/1/2020,165.3914671,137.41,83.2,77.3,79.5,70.6,69.1,79.5,67.8,89.3,67.4,83.3,83.1,95.8,62.3,12446,7817,14071,48985.88787,5118.184187,45990.74552,131.63,171.51,174.54,103.53,220.46,133.78,76.19,4427.7496,320309,150.9923408,189958,163625,99,104.2,82.4,6895.239,2202.169,9198.479,18387.064,81.8,76,98.2,955.7598602,308.7251638,616.6658966,5.1987,38.03258507,0.122295928,852637621,427583211.1,3182893578,73020,389,107312.4228
4/1/2020,149.4067421,120,80.8,57.9,67.2,37.8,13.1,67,47.6,74.2,37.7,73.8,65.9,89.4,31,12308,6393,12173,41984.32883,5395.465675,38408.45836,124.96,141.02,147.45,62.76,238.52,112.84,56.56,5531.2169,285436,117.8928258,1847,55735,62.4,76.2,59.3,6703.487,2135.227,8968.27,18024.686,66,66.6,71,839.6512468,309.03309,613.8909,5.427,37.0020269,0.125534041,885468205,462410029.9,3364774866,80506,422,93554.84574
5/1/2020,149.4067421,121.36,81.7,69.8,77,52.3,27.5,76.9,60.5,86.8,53.5,91.7,70.6,88.9,34.1,11809,5816,12248,42877.88002,6329.227347,38406.97428,137.06,169.59,141.16,59.91,259.85,141.95,59.88,5340.1544,266241,132.2681039,43080,62190,64.1,81.9,63.5,6609.251,2116.469,8879.531,17881.207,70.1,71.2,84.5,884.7024156,309.0969539,625.2478817,5.4263,41.5605477,0.128844555,924827549,493926240.3,3509362118,87403,392,76611.58054
6/1/2020,149.4067421,127.61,86.5,77.2,82.1,59.6,47.6,84.7,68.8,90.2,76.2,109.5,74.3,93.9,37,11393,5612,12522,42007.22485,6236.195704,37591.61666,135.36,128.43,121.25,54.16,241.8,147.66,66.57,4802.7989,292290,142.6565191,98447,132818,77.9,81.4,71.4,6606.741,2133.739,8862.885,17836.316,75.9,72.2,96.9,984.569402,309.536742,642.4421984,5.476,39.18371074,0.133048326,947378241,513971189,3593387090,95056,380,84570.86236
