DATE,GDP,epeRes,epeCom,epeInd,expQ,impQ,expBasic,expSemi,expManuf,expAgroDolar,anfaveaProd,anfaveaLic,cagedTransf,cagedConstr,cagedCom,cagedServ,ipa,cambio,poup,m1,m2,ibov,embi,RecRFBIPCA
1/1/1996,96.83968362,5851,2951,8753,34.46,52.16,22.82,53.76,33.56,115.914,100946,105226,5982.422,2015.581,4730.099,10299.511,100,0.9786,64902724,23481820,175037084,48309,760,42102.3331
2/1/1996,96.83968362,5742,3007,9278,33.81,51.17,21.56,45.53,36.25,109.438,121248,123172,5951.516,2017.003,4720.066,10308.072,100.03,0.9842,65233099,23095259,174828178,52663.10526,863,38945.85196
3/1/1996,96.83968362,5845,2956,9204,34.02,59.07,21.92,42.55,36.26,180.2097,136019,140737,5922.355,2020.226,4710.568,10306.57,99.879955,0.988,65267819,22985492,175383395,49296.71429,840,54428.61606
4/1/1996,100.1194675,5876,3041,9539,42.08,61.83,37.31,55.51,39.86,379.7159,130698,136759,5934.785,2030.111,4716.401,10331.354,100.2495108,0.9925,65114540,23276407,173647972,50170.85,763,41601.87886
5/1/1996,100.1194675,5676,2885,9623,44.35,64.43,38.06,58.86,42.23,329.6451,142309,151333,5970.066,2037.631,4727.189,10350.637,100.4800847,0.9984,64692969,22761723,172226628,54828,748,42501.10547
6/1/1996,100.1194675,5628,2797,9833,37.87,63.32,35.18,52.72,34.43,287.6253,121143,129247,5981.711,2042.088,4744.997,10357.414,100.871957,1.0044,64510539,23513221,173468300,57864.73684,687,41610.13048
7/1/1996,107.5617733,5547,2647,9655,44.06,75.8,38.16,63.73,41.01,332.1776,153931,155654,5978.544,2045.562,4743.8,10360.473,101.0030906,1.0112,64278981,23107137,172412324,62722.47826,681,43254.9929
8/1/1996,107.5617733,5679,2796,10390,43.55,72.54,38.03,62.14,40.9,351.0294,161906,166051,5971.993,2045.417,4743.645,10365.96,101.4475042,1.0169,64236000,23477144,173006068,62497.5,610,42751.98095
9/1/1996,107.5617733,5769,2813,10187,40.99,72.78,34.27,62.19,38.24,266.9427,146060,161595,5989.462,2044.441,4749.235,10375.149,101.7822809,1.0215,64726913,25143255,176993375,64349.85714,533,44733.30461
10/1/1996,104.3145295,5836,2881,10031,42.05,85.45,35.77,60.65,39.77,337.3441,148219,162308,5987.049,2038.292,4750.355,10359.381,101.9858455,1.0276,65754075,23171129,179182481,66273.09091,594,45014.37139
11/1/1996,104.3145295,5838,2997,10076,39.12,75.38,29.99,58.13,37.87,251.6394,141674,160074,5957.158,2026.043,4767.279,10339.256,102.3529946,1.0332,67558050,24383240,182157237,66118.3,546,44625.46792
12/1/1996,104.3145295,5764,2993,9947,38.24,88.31,25.65,51.78,40.19,207.0245,118982,138632,5863.864,1999.975,4741.078,10267.387,103.6733482,1.0394,72652001,29807483,188734369,68547.42857,523,65620.77718
1/1/1997,100.1327864,6522,3309,9455,37.48,40.21,26.22,61.55,36.69,211.6924,124889,134826,5851.775,2005.991,4717.885,10259.14,104.0465722,1.0461,77130334,33123796,189274171,76022.27273,437,45723.84349
2/1/1997,100.1327864,6176,3219,9840,31.31,67.61,19.87,40.72,33.73,228.1319,136323,146106,5849.377,2007.177,4713.449,10265.362,104.4107352,1.0515,78711825,36236904,192906132,86427.33333,419,43603.72506
3/1/1997,100.1327864,5993,3121,9488,37.82,75.95,32.87,44.16,37.18,447.5262,153164,169144,5852.238,2016.519,4723.645,10291.76,104.5673513,1.0593,80034278,37448610,195738732,9241,469,48348.07109
4/1/1997,104.8791493,6050,3134,9945,45.31,87.54,47.22,56.59,39.71,771.6228,172391,183864,5873.953,2030.934,4739.219,10315.162,104.9856207,1.0638,80883307,36298117,195848416,9596.190476,457,49700.87972
5/1/1997,104.8791493,6059,3100,10304,45.31,78.25,48.7,51.55,39.67,795.4549,162310,175250,5912.328,2037.877,4761.14,10338.347,105.1535977,1.0717,81791649,36860743,198244959,10597.9,404,45516.55724
6/1/1997,104.8791493,6069,2970,10045,47.05,84.06,46.76,55.5,42.99,640.8135,170685,179299,5923.126,2044.606,4787.152,10359.446,105.4795739,1.0769,82927443,37841978,205191931,11933.66667,392,45764.80905
7/1/1997,109.4885052,5981,2956,10285,51.51,95.52,51.13,63.7,46.72,738.6537,160400,172335,5911.152,2047.124,4788.526,10357.775,106.0491636,1.0834,83626270,35906316,204296617,12750.73913,375,49200.0653
8/1/1997,109.4885052,6025,3072,10685,49.79,88.21,40.99,62.21,50.3,586.7688,173863,179897,5899.796,2047.622,4795.644,10371.721,106.0809783,1.0916,85063780,37775700,209695447,11636.95238,387,45919.49297
9/1/1997,109.4885052,6151,3151,10441,45.15,90.2,32.99,59.22,46.59,389.7076,182952,187828,5916.161,2055.004,4803.924,10389.463,106.2719241,1.0964,86591725,39116753,217061918,11395.40909,360,47747.07513
10/1/1997,108.214347,6335,3303,10567,47.95,92.71,31.49,59.07,52.51,337.8737,192829,189022,5904.34,2056.921,4818.048,10402.329,106.4844679,1.1031,88145782,39284420,222660888,11898.04348,677,50100.31083
11/1/1997,108.214347,6398,3434,10727,39.32,86.37,24.06,48.87,43.97,233.7654,130140,128669,5857.474,2050.109,4833.662,10399.716,106.8145698,1.1098,93941895,40023882,230699363,9168.2,572,47916.91653
12/1/1997,108.214347,6330,3428,9935,44.99,85.51,24.12,63.75,50.29,228.012,101255,97218,5730.716,2013.471,4806.647,10328.525,106.9213844,1.1164,98211258,47362722,239775207,9725.772727,521,66687.36667
1/1/1998,101.1416992,7178,3735,9545,38.61,76.6,26.13,62,38.47,193.4679,110243,114705,5681.6,2022.156,4780.49,10310.964,107.19938,1.1237,100628943,42619626,241755357,9658.333333,546,55426.04724
2/1/1998,101.1416992,6518,3486,9722,37.38,65.89,21.25,47.3,42.84,228.1079,105964,109673,5651.489,2024.623,4769.576,10318.423,107.2958594,1.1304,98600976,42820595,243452578,10270.66667,495,48374.88288
3/1/1998,101.1416992,6650,3468,9609,43.33,87.64,30.15,52.78,46.63,299.0306,141749,153318,5633.969,2032.297,4759.879,10326.135,107.3924257,1.1374,98108163,41922152,244425419,11525.90909,443,53943.39417
4/1/1998,106.4624609,6675,3608,10400,47.52,79.54,44.57,55.8,44.9,630.2048,137785,143968,5644.839,2044.046,4770.177,10349.694,107.3065117,1.1443,97850781,42274904,242189887,11823.73684,467,50637.47262
5/1/1998,106.4624609,6591,3422,10367,48.37,80.72,48.49,49.97,45.51,617.7358,160231,154590,5658.122,2051.243,4782.639,10374.663,107.4352796,1.1505,98234213,42502086,243612653,10568.2,576,44999.4332
6/1/1998,106.4624609,6227,3193,10168,51.57,81.28,50.54,65.07,46.62,569.324,146151,143617,5657.011,2054.281,4783.528,10382.055,107.6286631,1.1569,99703658,44060070,247305992,9793.190476,663,45904.10301
7/1/1998,109.877846,6320,3161,10351,52.85,93.31,49.72,66.12,49.47,527.7122,126825,114405,5620.314,2059.273,4780.961,10391.889,107.39188,1.1634,101146464,43981738,247646602,10520.78261,608,51550.87327
8/1/1998,109.877846,6443,3352,10723,42.98,72.18,41.34,48.71,40.72,461.7544,134224,165523,5616.439,2064.109,4788.8,10408.686,107.1448787,1.1769,102317106,44308331,248168301,8428.095238,1421,52552.24785
9/1/1998,109.877846,6679,3481,10510,49.85,101.72,45.95,63.26,46.91,498.8101,134540,128466,5614.104,2052.483,4787.789,10413.413,106.8127296,1.1856,104162810,43933681,245774199,6388.52381,1326,49493.97321
10/1/1998,106.6619717,6711,3478,10425,44.4,94.05,35.94,60.74,43.38,351.4498,92855,101326,5597.582,2033.21,4791.406,10393.01,106.7272794,1.1932,105773764,43031345,247229516,6696.285714,1192,48950.87936
11/1/1998,106.6619717,6642,3538,10343,40.88,80.94,30.08,56.25,41.35,269.0176,79643,100166,5550.9,2005.909,4795.702,10368.478,106.4604612,1.2012,107168486,46117494,251309991,8255.7,975,45889.28125
12/1/1998,106.6619717,6705,3622,9815,43.4,75.81,31.08,63.34,44.02,269.1932,59650,105195,5430.047,1949.27,4748.751,10251.802,106.7053202,1.2087,108442384,50707266,254965130,7254.772727,1231,68079.94878
1/1/1999,101.918131,7190,3806,9257,33.21,62.63,24.53,55.99,31.16,201.3241,81902,93410,5412.111,1942.997,4738.776,10257.531,108.6473571,1.9832,109360150,49957188,254930105,7010.5,1507,50887.21143
2/1/1999,101.918131,6745,3661,9441,37.77,52.68,28.73,57.82,36.76,266.6447,78103,43012,5381.058,1921.993,4719.173,10251.267,115.1336043,2.0648,111432305,47817257,259568056,8837.611111,1376,57160.26159
3/1/1999,101.918131,6841,3687,9762,45.54,69.7,34.72,64.88,43.96,368.8047,114873,143191,5358.915,1902.695,4694.958,10232.792,118.7142594,1.722,112363679,45497048,260900171,10170.04348,1041,57084.82752
4/1/1999,106.0358241,7115,3929,10512,45.22,62.83,41.42,57.11,42.33,505.8482,109148,125455,5382.798,1898.279,4688.413,10244.068,120.0319876,1.6607,112524501,44075657,257075021,11193.42105,873,54213.4589
5/1/1999,106.0358241,6587,3521,10215,53.97,69.45,54.45,73.05,47.07,537.472,114047,115192,5417.072,1899.229,4704.175,10269.539,120.8842148,1.724,113364448,44052226,258344677,11729.95238,1066,48275.82108
6/1/1999,106.0358241,6642,3449,10411,53.15,77.15,48.68,75.43,48.46,439.1232,116990,107259,5438.176,1898.638,4717.979,10281.886,121.9600843,1.7695,112787044,45939541,260973090,11359.2381,957,52773.89625
7/1/1999,109.2007423,6611,3413,10467,50.85,69.97,48.37,66.7,46.24,407.3743,115312,113304,5442.495,1892.511,4720.804,10282.006,124.7163822,1.7892,112300916,48011511,260036100,11271.40909,1053,61229.67089
8/1/1999,109.2007423,6581,3483,10804,52.98,75.91,47.27,66.12,50.7,375.1046,129287,122756,5451.742,1888.442,4724.271,10298.983,127.3977844,1.9159,111709814,47508989,259187285,10181.22727,1124,51156.85672
9/1/1999,109.2007423,6795,3618,10750,52.13,73.14,46.11,68.91,49.79,354.1582,130444,127084,5483.377,1886.614,4726.849,10307.052,130.0221788,1.9223,110964424,46988943,257450042,11313.09524,984,60161.67596
10/1/1999,108.9740093,6674,3590,10742,52.65,75.54,42.96,72.32,51.39,283.8135,109990,92360,5515.311,1881.4,4743.969,10309.804,132.8176556,1.953,110498341,48580640,259628490,11307.5,851,56543.96434
11/1/1999,108.9740093,6715,3683,10864,48.72,77.47,37.6,63.7,48.79,268.559,108670,87227,5515.963,1868.793,4773.696,10320.881,135.6068264,1.9227,110695593,51580026,262754640,13120.8,806,57121.10244
12/1/1999,108.9740093,6797,3749,10667,56.61,74.99,39.96,85.17,56.59,255.173,81211,86703,5444.946,1836.128,4763.327,10266.703,136.9222126,1.789,111406674,62744441,274769738,15210.52174,636,74418.00351
1/1/2000,106.4032473,7230,4083,10024,41.19,58.38,30.03,60.43,41.05,173.3727,92704,89216,5457.141,1845.467,4764.903,10273.044,138.2640503,1.8024,112685736,56633254,269834203,16928.19048,758,59755.81561
2/1/2000,106.4032473,7001,4016,10388,49.26,70.65,29.65,66.84,53.01,193.1435,126595,112595,5479.863,1847.935,4765.925,10308.692,139.2872042,1.7685,111879544,54038049,261493972,17803.57143,688,55083.99093
3/1/2000,106.4032473,7099,4099,10769,52.97,76.62,37.53,62.13,57.1,258.1622,130730,117823,5494.369,1843.764,4775.247,10323.514,140.1229275,1.7473,111304745,53255346,261426958,18054.90476,679,63885.24899
4/1/2000,110.254362,6962,4065,10942,49.91,68.43,45.81,55.11,49.29,448.6126,129116,116950,5525.629,1853.525,4796.711,10374.929,140.5713208,1.8067,110935779,53668551,259792946,15909.63158,742,58094.38687
5/1/2000,110.254362,6910,3931,10882,59.42,81.58,55.94,60.49,55.88,510.9322,144738,129723,5568.071,1856.444,4811.631,10394.455,141.5834343,1.8266,110441693,52976100,259849804,14693.72727,792,57217.45161
6/1/2000,110.254362,6737,3736,11216,57.43,78.52,52.8,58.64,56.91,486.2172,145172,124682,5583.367,1863.47,4830.541,10424.417,142.4895683,1.8,111044994,54696730,260097175,16457.52381,722,58836.19956
7/1/2000,114.1853075,6731,3756,11049,58.14,83.13,53.77,64.38,56.94,471.0966,141751,125791,5604.871,1870.23,4846.937,10458.664,146.0233096,1.7748,111006663,57077894,262669758,17086.66667,712,59517.12995
8/1/2000,114.1853075,6759,3650,11271,63.22,94.33,60.83,69.28,59.53,568.5365,161503,142446,5627.363,1875.877,4860.19,10499.489,148.5057059,1.8234,110716139,56626345,264098974,17169.86957,672,59565.40365
9/1/2000,114.1853075,6985,3886,11094,54.7,86.33,43.74,62.02,56.51,327.8422,141474,130591,5675.196,1879.062,4880.744,10544.479,149.5006941,1.8437,109494425,59451342,264758892,16647.05,705,58229.76325
10/1/2000,113.9841022,7126,4014,11350,54.91,86.17,46.12,59.83,56.63,307.9638,140295,131235,5698.635,1882.378,4905.46,10568.611,150.1734472,1.909,108731594,60166406,265690888,15043.95238,758,61766.26259
11/1/2000,113.9841022,7053,4190,11422,52.1,85.92,44.44,65.35,51.44,247.3786,128920,134893,5705.988,1869.695,4945.02,10589.956,151.0294359,1.9596,109260188,63052800,271618418,14407.2,829,62612.95295
12/1/2000,113.9841022,7021,4201,10873,54.29,82.08,35.94,66.86,58.22,157.4162,122850,133536,5637.809,1834.496,4938.799,10550.631,152.7662744,1.9554,111936098,74352468,283784809,14742.2,749,77932.04367
1/1/2001,110.1008562,7357,4288,10426,52.62,85.35,43.97,76.64,48.14,170.5451,116359,122184,5661.856,1840.262,4929.796,10564.557,153.9578513,1.9711,112272264,66549099,276497688,17149.59091,677,68779.15027
2/1/2001,110.1008562,7266,4393,10856,48.14,69.32,37.35,56.02,48.53,163.6173,135125,132323,5674.238,1843.146,4935.063,10609.916,154.4351207,2.0452,112831871,68309887,279762508,16595.94444,753,55673.44552
3/1/2001,110.1008562,7423,4358,10892,60.18,95.8,49.34,67.91,60.88,323.7561,172563,164995,5674.564,1845.32,4932.709,10644.188,154.8520955,2.1616,112398663,66032790,278378236,15329.5,811,61668.21746
4/1/2001,112.8189395,7382,4480,11307,57.19,81.19,59.7,54.88,54.54,495.2276,159963,154819,5703.619,1859.952,4959.785,10697.074,155.5953856,2.1847,112749025,65811791,279598547,14431.7,812,65645.09913
5/1/2001,112.8189395,6948,4149,11338,65.05,90.75,73.93,61.51,60.51,605.8953,181201,161748,5735.305,1862.178,4978.479,10725.561,156.3578029,2.36,113891734,65461974,283478495,14692.77273,858,64142.68108
6/1/2001,112.8189395,5919,3537,10662,61.42,82.97,73.69,54.85,56.03,624.5664,153120,138138,5744.731,1861.716,4996.187,10743.345,158.843892,2.3049,114874366,66395565,289058653,14871.35,847,64722.87008
7/1/2001,114.7119253,5076,2932,9178,60.2,85.39,68.5,66.28,54.4,501.0624,142411,125818,5742.485,1860.986,5010.497,10781.544,161.8460416,2.4313,115508724,67328517,290466494,13943.13636,972,64848.61476
8/1/2001,114.7119253,5091,2945,9520,70.19,91.22,75.8,85.51,59.52,644.7213,139972,131950,5743.499,1856.553,5028.931,10821.41,163.545425,2.5517,116060597,67571709,295618891,13443.56522,954,64517.515
9/1/2001,114.7119253,5243,3172,9586,58.54,72.73,65.43,63.82,52.47,494.0089,127346,101296,5776.155,1852.771,5058.348,10858.501,164.7720157,2.6713,116737768,68485780,296574994,11011.26316,1165,60850.7113
10/1/2001,113.3779327,5185,3266,9566,62.9,83.54,65.12,80.53,57.22,377.1001,117198,111787,5802.146,1848.745,5095.767,10887.283,167.9685928,2.7071,116399422,67524432,295900745,10963.36364,1163,67339.9018
11/1/2001,113.3779327,5391,3412,9686,57.11,77.78,51.56,72.96,55.03,264.3201,124740,129783,5803.439,1836.014,5148.131,10907.351,169.0603887,2.5287,117676131,70243399,301950848,12812.3,976,63563.08499
12/1/2001,113.3779327,5341,3501,9521,55.72,64.01,51.16,72.96,53.53,215.906,104524,126441,5741.631,1801.092,5148.604,10861.593,168.5193954,2.3204,120030423,83706703,321612169,13334.3,863,78345.58463
1/1/2002,110.6259483,5771,3639,9431,51.41,70.3,42.46,69.25,43.66,162.9073,116830,114681,5756.651,1803.058,5150.901,10879.768,167.9801333,2.4183,120034058,74849151.18,314642869.1,13389.22727,866,80238.75904
2/1/2002,110.6259483,5703,3708,9919,47.22,64,40.99,59.02,46.17,169.9115,116000,97521,5765.606,1805.159,5161.891,10917.789,168.5848618,2.3482,120495519,74248913.97,315513645.7,13226.22222,785,65662.88642
3/1/2002,110.6259483,5818,3696,10362,55.68,70.02,53.04,60.95,53.8,253.0788,143887,123783,5789.248,1808.655,5172.774,10955.026,168.6522958,2.3236,120786602,73578126.28,324413321.3,13901.25,718,64503.88122
4/1/2002,115.4117473,6259,3959,10762,59.56,77.74,64.48,62.66,55.52,421.4018,152334,138839,5833.852,1819.16,5191.196,11006.645,170.8447756,2.3625,120419316,75179774.94,323105595.4,13343.31818,849,70217.65438
5/1/2002,115.4117473,6215,3903,10920,56.76,75.46,59.49,57.73,54.06,332.4044,144526,123208,5859.544,1816.24,5209.812,11039.088,173.2707714,2.522,120908896,74243469.88,325447713.1,12500,981,67395.11194
6/1/2002,115.4117473,6003,3631,10898,50.6,62.63,44.69,53.7,51.14,306.0317,130458,107594,5870.122,1817.697,5236.523,11071.534,176.2856828,2.8444,126974870,80202505.14,342348204.4,11685.25,1548,64153.74838
7/1/2002,119.5008144,5820,3450,10720,78.54,91.33,101.23,98.7,63.8,625.4642,133240,124804,5871.168,1819.774,5255.662,11084.247,180.2168536,3.4285,131996166,83436794.24,353829027.4,10321.30435,2341,74670.15145
8/1/2002,119.5008144,6035,3625,11024,73.57,74.51,84.89,92.89,64.02,499.874,127173,126624,5888.625,1822.494,5282.242,11123.158,184.7222749,3.0223,136876680,86245564.24,369568448.8,9790.954545,1630,67319.50554
9/1/2002,119.5008144,6026,3692,10893,82.2,70.81,115.29,100.09,63.42,988.7195,140896,129695,5962.873,1828.407,5330.329,11174.141,190.3378321,3.8949,138721221,89019005.05,376113262.3,9643.52381,2395,78325.46423
10/1/2002,119.2425516,6179,3822,11000,81.76,75.18,91.02,108.71,71.31,594.2646,157227,140380,5979.612,1826.778,5367.874,11195.128,199.7785885,3.645,139529472,89743774.48,382645357,9179.434783,1742,77270.45857
11/1/2002,119.2425516,6449,4056,11040,65.24,68.66,65.33,85.45,60.19,340.3208,148960,123296,5968.43,1815.546,5426.144,11204.841,213.862979,3.6365,140309022,92809490.05,385987568.2,10029.8,1606,71213.9791
12/1/2002,119.2425516,6383,4074,10659,67.88,59.95,61.65,78.49,67.84,300.9066,122259,128155,5902.801,1771.682,5431.865,11147.395,220.6638218,3.5333,140895698,108248260.4,397022802.2,10890.47619,1446,82733.41913
1/1/2003,113.5763737,6786,4182,10345,60.33,63.29,57.55,91.06,54.24,207.5763,132208,112312,5929.411,1765.941,5429.03,11158.933,226.4893467,3.5258,141282812,93182130.14,387993585.6,11485.63636,1319,77278.28414
2/1/2003,113.5763737,6518,4153,10471,61.9,65.22,58.59,76.61,59.68,211.334,141129,118175,5931.684,1758.618,5443.032,11208.669,230.8152932,3.5632,140814916,91833277.02,390709848.5,10350.45,1182,65784.68788
3/1/2003,113.5763737,6618,4221,10565,63.68,62.64,67.67,67.02,60.11,428.8648,127486,102723,5943.877,1745.202,5437.581,11220.052,236.7241647,3.3531,139704831,88124395.49,384924610.2,10917.31579,1048,62180.66169
4/1/2003,116.3133927,6228,3948,10850,70.66,68.44,83.46,65.56,65.23,746.6153,130783,108731,5992.643,1746.164,5455.787,11254.499,237.8604407,2.8898,138719211,85758011.55,382271981.3,12085.95,822,71298.13717
5/1/2003,116.3133927,6354,3938,10750,78.59,66.95,94.32,84.46,70.09,874.4848,141857,106865,6022.263,1746.562,5470.964,11284.473,235.1250456,2.9656,138432053,84601462.66,385269956.2,13090.95238,799,67739.46548
6/1/2003,116.3133927,6165,3711,10788,72.05,61.37,84.53,81.48,63.67,674.0645,124511,100276,6030.833,1751.118,5493.186,11308.13,232.2800326,2.872,138247439,86793768.15,383135139.6,13490.3,801,61872.45659
7/1/2003,120.2491055,6058,3667,10818,74.23,70.26,75.12,88.29,71.24,553.7861,130930,113755,6021.073,1754.622,5500.848,11316.36,230.7469843,2.9655,138812245,85404355.63,385590524.4,13552.26087,801,69855.67354
8/1/2003,120.2491055,6175,3720,10793,78.43,64.38,84.33,94.39,71.81,715.3016,130353,100783,6040.162,1757.682,5526.048,11357.792,231.4161506,2.9665,139451139,85667886.3,387729443.7,13999.71429,703,63277.77267
9/1/2003,120.2491055,6095,3686,10855,88.59,79.36,97.22,96.51,82.25,733.4188,155901,125062,6113.337,1764.656,5560.632,11413.333,232.3418152,2.9234,139195378,86778403.24,388898309.4,16093.95455,698,65220.32939
10/1/2003,119.9445468,6378,4001,11215,91.32,87.5,97.95,98.89,86.43,778.6382,161223,140749,6129.546,1768.659,5597.041,11445.752,232.7600305,2.8562,139129359,86859466.13,386864934.7,17778.69565,605,74778.51985
11/1/2003,119.9445468,6385,4076,11251,72,72.57,65.46,76.33,74.11,371.1214,161528,130305,6116.677,1763.179,5657.182,11482.21,234.0169346,2.9494,141200603,93429700.38,398486861.1,19033.75,533,71780.99116
12/1/2003,119.9445468,6407,4219,11531,79.79,67.38,66.54,97.03,81.85,325.4174,146806,168868,6031.592,1723.527,5657.773,11407.68,235.8890701,2.8892,144118433,110633915,412796694.5,21230.36364,463,89326.80563
1/1/2004,117.980959,6781,4245,11829,68.29,71.31,68.86,87.4,63.22,375.4515,150001,107425,27524.085,1737.572,5660.678,11441.739,238.719739,2.9409,144683599,99293437.08,404971663.3,23412.2381,493,77503.58038
2/1/2004,117.980959,6429,4147,11968,66.94,61.49,63.19,79.03,66.44,415.3547,148766,104785,6105.778,1739.138,5681.088,11494.098,244.186421,2.9138,144902042,100913022.1,408172176,21931.33333,579,68896.16665
3/1/2004,117.980959,6600,4204,12421,91.5,87.4,93.23,95.15,89.75,847.5807,185509,141632,6156.525,1746.785,5693.198,11529.71,246.4817733,2.9086,144291743,99367374.28,410100620.8,21917.73913,559,71870.52045
4/1/2004,123.65074,6809,4447,12707,74.32,74.97,68.98,66.88,79.28,818.8485,163375,115458,6220.88,1759.452,5720.424,11578.721,251.0663343,2.9447,144734915,99896558.71,411653873.1,21810.65,663,75610.49961
5/1/2004,123.65074,6477,4106,12652,87.37,77.61,93.06,82.89,85.82,961.5716,172380,123086,6310.407,1774.116,5760.31,11634.847,254.3804099,3.1291,147287542,101125752.7,426150499,18898.80952,701,71635.46067
6/1/2004,123.65074,6291,3840,12931,101.82,84.67,120.57,99.54,92.81,1295.3584,179685,130697,6357.952,1784.135,5788.618,11674.431,259.391704,3.1075,149287474,102212969.6,434238541.5,20221.38095,650,75913.66226
7/1/2004,128.1360116,6292,3887,13131,95.41,86.26,100.72,105.68,90.81,897.2624,179895,133844,6413.979,1794.832,5822.17,11717.16,263.956998,3.0268,151502618,102874378.1,439648537.7,21704.04545,593,76241.53102
8/1/2004,128.1360116,6304,3867,13414,98.34,86.42,109.74,96.71,92.79,847.4116,192904,130483,6486.147,1813.584,5872.648,11791.2,269.1833466,2.9338,152155177,105386335.8,448053123,22267.04545,521,73518.33318
9/1/2004,128.1360116,6604,4121,13285,96.7,88.68,97.95,99.92,95.36,927.0599,194735,137722,6587.248,1822.037,5917.829,11850.059,272.2251184,2.8586,152920896,109608285.3,454874045.3,22698.85714,469,75745.12192
10/1/2004,127.3923467,6607,4188,13347,95.25,85.66,85.59,87.67,102.7,521.7028,182581,136871,6639.931,1823.336,5966.008,11896.253,277.206838,2.8565,153680114,109492475,460770234,23366.3,473,76859.69871
11/1/2004,127.3923467,6631,4233,13266,86.8,90.91,78.42,95.72,89.46,396.7947,193820,138803,6647.939,1809.635,6050.802,11944.084,280.8105269,2.7307,155244307,112963571.7,468454168.8,24076.65,414,70896.54086
12/1/2004,127.3923467,6643,4400,13211,99.01,85.42,76.24,94.21,111.57,370.2284,180526,177969,6536.202,1774.29,6061.713,11877.803,281.8776069,2.6544,159588786,127208346.8,490938601.1,25574.08696,382,99031.89975
1/1/2005,122.9176615,7119,4493,12496,78.46,78.54,67.53,86.75,81.42,320.8326,155533,106643,6569.046,1782.169,6072.899,11932.304,282.807803,2.6248,160218688,118216604.9,486171173.3,24421.19048,418,83247.45332
2/1/2005,122.9176615,6758,4366,12607,81.49,73.73,69.04,91.42,85.64,373.8047,176760,114925,6569.856,1783.079,6081.546,11982.964,283.0340493,2.595,160232291,117267666.3,489514234.4,26551,393,71901.34981
3/1/2005,122.9176615,6865,4553,12911,95.82,86.33,84.85,101.47,100.13,741.1429,211944,149424,6587.815,1789.331,6095.508,12037.1,283.8831514,2.6662,159708511,116319358.5,499079527.6,27780.86364,458,76883.62636
4/1/2005,129.184076,7132,4687,13225,92.08,75.41,96.62,86.06,91.41,900.369,197607,137667,6667.31,1803.863,6128.816,12124.575,286.7503713,2.5313,159438236,113314431.5,499337853.1,25512.15,457,82551.57826
5/1/2005,129.184076,6718,4378,13292,96.35,90.16,97.97,92.42,96.59,797.6094,207369,142978,6713.248,1816.15,6162.699,12182.254,285.6607198,2.4038,158834889,115334335.3,501693924.1,24809.85714,420,74567.64735
6/1/2005,129.184076,6781,4298,13140,100.5,86.49,99.69,104.08,99.65,964.9467,213767,148491,6730.241,1833.736,6194.822,12228.923,283.6325287,2.3504,159920729,116547573.7,509385724.1,25432,414,85228.5015
7/1/2005,130.8460535,6645,4147,13430,107.5,85.69,124.03,101.7,99.79,882.7731,199959,138744,6736.36,1847.211,6223.721,12261.152,282.5547251,2.3905,161792497,116321200,514645182.7,25254.04762,402,80085.0652
8/1/2005,130.8460535,6705,4142,13601,109.5,105.62,120.25,90.98,106.48,993.6733,210961,151626,6754.533,1865.496,6267.074,12331.333,280.9441632,2.3637,161674957,116516488.7,523007379.4,27007.26087,413,80864.72841
9/1/2005,130.8460535,6949,4361,13552,101.95,86.5,100.73,93.31,103.91,819.7503,198855,144354,6835.499,1882.126,6314.105,12395.107,282.8264891,2.2222,162195289,121626105.6,533410503.6,29859.04762,345,77776.90223
10/1/2005,130.1319846,6918,4412,13512,94.05,83.75,87.34,94.76,97.64,771.5038,182962,137710,6861.837,1893.196,6363.151,12452.548,285.0325357,2.2543,162628363,119288936.7,533641503.5,29843.5,357,82281.4627
11/1/2005,130.1319846,6976,4537,13445,101.69,91.2,94.87,110.12,103.44,672.5807,206894,158440,6817.022,1889.681,6437.656,12494.908,285.403078,2.207,164240579,125989357.2,543553188,31146.2,340,81284.71328
12/1/2005,130.1319846,7078,4662,13397,101.81,89.88,88.59,105.98,108.54,532.4753,194561,183642,6713.75,1859.343,6451.528,12447.508,284.3470866,2.3407,169322667,143970763.1,575882218.6,33144.5,311,109055.3527
1/1/2006,128.1774272,7168,4643,12851,87.18,88.46,85.29,91.91,86.53,465.0294,183640,132890,6733.158,1880.587,6446.317,12487.517,286.7924716,2.216,168740218,129371698.3,561166678.8,36232,266,87729.18489
2/1/2006,128.1774272,7132,4826,13044,80.86,81.55,64.64,86.34,87.65,475.4917,190099,127881,6756.716,1895.58,6465.575,12565.483,287.0219055,2.1355,169964485,130577850.3,568863021.8,37550.38889,221,77955.05985
3/1/2006,128.1774272,7409,4875,13382,104.14,102.26,98.38,101.99,107.9,932.5557,212794,156788,6781.778,1900.783,6457.002,12606.208,286.8496924,2.1724,167242327,128305523.8,572779234.6,37766.52174,235,81469.30015
4/1/2006,132.1337326,7230,4834,13532,88.77,88.91,87.95,83.06,89.79,922.6824,184761,131150,6860.259,1913.411,6483.658,12678.835,286.9931172,2.0892,166661120,127091947.9,573631204.4,39190.27778,218,88457.89927
5/1/2006,132.1337326,6933,4419,13407,91.57,94.51,90.02,80.49,94.91,1007.7527,219343,164132,6909.023,1929.693,6504.738,12731.17,288.9159711,2.3005,166049303,130449221,587790101.5,39037.59091,273,80440.40823
6/1/2006,132.1337326,6964,4320,13569,99.56,94.98,97.29,105.9,99.71,810.4243,205415,148384,6928.632,1938.259,6523.23,12772.337,291.4584317,2.1643,167620322,131707905.7,594170405.2,35072.80952,254,92051.87088
7/1/2006,136.7246893,6893,4231,13697,116.47,104.3,136.32,112.6,106.64,1312.7943,202943,165807,6949.625,1962.899,6551.315,12824.455,291.6915984,2.1762,170109595,133204580.3,598657003.7,36301.95238,223,85217.47302
8/1/2006,136.7246893,6940,4408,14164,115.55,117.33,124.07,115.39,111.06,1082.3269,221843,178508,6978.413,1978.182,6581.507,12889.123,292.6833498,2.1388,171003430,136031715.4,600964848.8,36923.30435,223,85045.3387
9/1/2006,136.7246893,7128,4512,13825,105.4,105,114.56,100.13,102.53,880.4478,188600,159368,7060.394,1990.752,6627.888,12943.675,292.6833498,2.1742,174233250,142846521.6,605396817,36173.35,233,91613.24044
10/1/2006,136.3720893,7182,4582,13953,106.56,114.06,108.43,107.84,105.95,889.3173,207656,175255,7106.196,1991.475,6683.526,12999.451,292.4784715,2.143,176209350,144761729.9,615099064.3,38627.7619,223,91978.15824
11/1/2006,136.3720893,7439,4768,13990,101.03,113.26,100.47,105.01,100.12,767.6137,208897,182732,7079.365,1980.985,6770.953,13036.069,293.1219241,2.1668,180118515,151520982.7,629488061.9,41198.84211,223,87153.09456
12/1/2006,136.3720893,7367,4952,13767,102.91,95.37,92.58,109.35,107.21,524.9598,177689,204843,6963.989,1945.139,6788.322,12969.117,294.1771631,2.138,187864030,173545332.6,651976973.8,43316.26316,192,116793.0903
1/1/2007,134.8358482,7710,4942,13592,92.92,110.56,92.91,104,89.62,555.3985,190778,152931,6696.089,2063.882,6840.796,13813.792,294.4125048,2.1247,189734962,155196242.1,636240370.7,43442.57143,190,98010.86537
2/1/2007,134.8358482,7393,4924,13684,86.15,94.59,85.54,87.39,85.68,613.011,190518,146765,6724.186,2069.628,6854.335,13890.161,294.1180923,2.1182,192044825,153376659.1,637253254.4,45163.44444,195,85167.14882
3/1/2007,134.8358482,7594,5099,14276,107.21,125.05,105.67,92.79,111.86,997.0666,234951,193450,6762.793,2087.168,6868.213,13952.356,294.7063285,2.0504,194873228,155404081,640759167,43999.18182,167,91780.67734
4/1/2007,140.7716545,7729,5287,14511,102.5,103.41,116.28,89.5,98.06,1279.655,212376,179320,6863.502,2117.984,6906.217,14039.043,297.1818616,2.0339,197639653,156299034.9,647231023.4,48051.85,156,100082.4519
5/1/2007,140.7716545,7491,4864,14558,110.52,120.28,120.38,103.47,107.19,1276.3692,241844,211103,6919.371,2132.063,6923.441,14081.778,298.9055164,1.9289,200246408,157784748.7,654437795.1,51225.90909,142,91478.81462
6/1/2007,140.7716545,7204,4587,14582,105.31,113.41,108.04,101.1,105.16,1275.2786,232836,198791,6945.982,2150.63,6952.774,14119.459,298.6365015,1.9262,203955119,163984495.3,667632398.4,53644.95,160,98805.27074
7/1/2007,144.7507729,7071,4487,14569,111.2,128.97,127.89,104.78,104.27,1365.8656,253138,217365,6972.918,2169.665,6981.975,14161.491,298.6066378,1.8776,208214262,166657789,673710232.7,56199.57143,208,97495.71293
8/1/2007,144.7507729,7345,4520,14860,116.83,137.14,130.99,111.78,110.09,1398.2567,263924,235256,7009.626,2195.96,7019.807,14222.474,300.4281383,1.962,212971473,170200822.5,689603244.2,52162.3913,195,97151.16177
9/1/2007,144.7507729,7449,4787,14866,109.07,127.47,111.41,98.97,111,1253.6462,241700,204026,7118.799,2226.761,7071.971,14297.5,301.6598937,1.8389,218432219,175007320.6,703702446.3,56361.68421,173,97790.00264
10/1/2007,145.4268345,7512,4882,14952,117.95,145.98,133.78,115.78,109.79,1591.591,283405,244451,7176.562,2248.967,7137.04,14367.608,302.8966992,1.744,221168739,178147876.9,714108764.8,62680.45455,167,105939.6761
11/1/2007,145.4268345,7768,5106,15025,103.66,137.58,100,104.35,105.62,1049.9172,262729,237015,7172.464,2257.307,7237.871,14429.96,304.1385757,1.7837,225354951,187692543.8,726844356.4,62447.42105,220,104928.098
12/1/2007,145.4268345,7618,5162,14893,102.57,119.62,109.04,94.7,100.44,812.2869,217025,242240,7030.572,2231.884,7267.365,14371.937,307.2103753,1.7713,234671897,230630781.6,773102913.6,63469.22222,221,129719.7078
1/1/2008,143.1382363,8134,5228,13793,93.55,138.54,87.33,104.08,93.77,783.2353,242456,214959,7089.862,2272.135,7254.297,14419.873,309.9138266,1.7603,237490432,190075845.7,748930434.8,59644.80952,255,117601.0266
2/1/2008,143.1382363,7959,5190,13967,89.86,129,82.42,97.25,91.49,774.8858,239214,200844,7138.703,2300.34,7269.733,14510.695,312.3621459,1.6833,240438780,184149034.5,752283513.1,62482.72222,265,93749.40187
3/1/2008,143.1382363,7694,5242,14655,86.45,121.45,78.55,79.59,92.94,1164.4762,268285,232147,7180.284,2335.135,7290.824,14604.747,315.29835,1.7491,242582015,184153689.8,773621883.2,61541.3,284,98459.67702
4/1/2008,149.6911206,7755,5206,14525,93.81,123.39,96.18,85.29,94.66,1992.0449,283294,261246,7261.193,2368.866,7327.418,14706.84,320.8791308,1.6872,242699018,187348775.3,808632464.9,64235.7619,218,109757.9198
5/1/2008,149.6911206,7934,5091,14791,123,152.87,163.47,116.08,100.95,2420.2462,274542,242010,7294.624,2398.65,7359.17,14764.064,327.7138563,1.6294,245170731,183976891.7,839305683.6,71209.1,181,95911.26291
6/1/2008,149.6911206,7621,4829,14781,111.33,152.57,130.66,93.75,103.94,1955.9542,292422,256005,7341.655,2437.626,7410.448,14838.367,333.2522205,1.5919,248087169,186949292.5,863686681.2,67233.57143,228,104948.0648
7/1/2008,154.8555512,7654,4791,15154,116.82,158.83,132.87,123.59,105.2,2387.9148,305384,288141,7374.918,2474.555,7437.322,14894.426,337.7178002,1.5666,251930707,186394692.8,911475428.6,59773,226,110145.0566
8/1/2008,154.8555512,7881,4984,15412,110.05,162.63,127.58,111.14,99.36,1763.0437,299556,244771,7420.626,2512.229,7494.428,14989.431,340.6221733,1.6344,255225913,187384707.9,956025685.7,55455.7619,240,100629.393
9/1/2008,154.8555512,7816,5104,15180,113.93,160.87,121.35,108.14,111.97,1601.3807,286610,268686,7530.436,2546.852,7550.215,15092.945,343.244964,1.9143,258397675,195612717.2,994842089.9,50594.18182,331,103682.191
10/1/2008,146.9224013,8120,5261,15386,107.37,167.13,120.93,111.36,96.96,1345.5266,280178,239236,7536.692,2549.933,7606.397,15127.769,349.6293204,2.1153,259940515,189988877.6,1019023095,38142.34783,449,115168.5154
11/1/2008,146.9224013,8238,5501,14773,93.32,132.1,99.29,89.98,91.19,1073.6228,187374,177823,7453.393,2526.96,7685.175,15166.794,349.5943574,2.3331,264128859,198042244.4,1039665921,35907.78947,489,103634.0824
12/1/2008,146.9224013,7943,5386,13417,95.16,124.24,104.06,77.73,94.45,1099.6174,91314,194486,7185.727,2443.403,7667.36,15019.41,347.0423186,2.337,271156743,222871994.2,1077775226,37557.35,428,124305.0494
1/1/2009,139.6656265,8605,5368,11924,71.02,109.58,82.63,85.57,57.87,885.5591,180242,197454,7131.518,2455.791,7616.709,15022.472,343.0166277,2.3162,272499566,196037592.7,1059322144,39568.09524,409,110679.4572
2/1/2009,139.6656265,8149,5443,12337,72.12,87.78,85.24,73.46,63.38,794.9975,196546,199366,7074.838,2459.862,7607.746,15092.983,342.0218795,2.3784,274852749,194334655.9,1065212980,40174.05556,421,83207.37708
3/1/2009,139.6656265,8490,5698,13049,88.9,113.98,107.84,80.12,77.74,1499.6096,266162,271442,7039.803,2477.03,7598.367,15147.594,338.0544257,2.3152,275496475,192457389.5,1064810764,39484.72727,425,98530.81188
4/1/2009,146.3934487,8472,5686,13200,93.62,99.59,131.69,86.5,69.97,2012.5409,244700,234390,7040.093,2492.356,7604.843,15209.605,336.09371,2.1783,276043847,194600530.4,1068821625,45217.5,355,103162.8841
5/1/2009,146.3934487,8188,5248,12976,91.37,108.46,126.95,89.34,69.53,2132.0186,262452,246978,7040.18,2510.609,7620.496,15253.867,335.0182102,1.973,279463482,195880060.4,1082118340,50892.95,294,90918.99405
6/1/2009,146.3934487,7909,5031,13217,105.96,111.59,149.89,100.74,79.36,3022.0693,276445,300157,7042.453,2530.304,7639.465,15274.458,331.7685335,1.9516,283038102,202588007.9,1103072830,52061,284,97661.82279
7/1/2009,153.0551229,8105,4997,13611,103.14,126.1,140.46,105.7,78.98,1872.4749,271385,285416,7058.83,2564.425,7668.52,15301.167,329.4793307,1.8726,291041246,198677899.1,1106413052,52068.13636,265,102664.8437
8/1/2009,153.0551229,8403,5129,14061,100.06,120.81,133.82,108.52,76.05,1820.0775,284904,258129,7122.533,2606.425,7727.803,15388.138,329.80881,1.8864,295603406,202929874,1112486421,56662.80952,271,94244.5211
9/1/2009,153.0551229,8417,5304,14227,96.88,140.36,116.23,104.12,82.2,1442.5962,263767,308718,7243.098,2640.467,7779.709,15452.017,331.8866055,1.7781,300498349,210410862.7,1130524023,59195.14286,234,92433.55402
10/1/2009,154.745024,8526,5493,14552,97.78,142.58,117.03,111.62,82.38,1013.1494,306291,294466,7314.793,2667.581,7850.74,15522.441,331.8202282,1.744,302983247,210472801.1,1126267187,63988.42857,240,118576.1383
11/1/2009,154.745024,8636,5764,14415,85.9,134.17,93.82,98.54,76.5,791.454,282512,251697,7351.604,2687.518,7969.314,15609.022,331.587954,1.7505,309223991,221014336,1141021336,65999.84211,231,123110.3266
12/1/2009,154.745024,8877,6095,14229,95.18,137.03,97.58,93.37,94.25,826.7509,240594,293027,7189.378,2635.221,7978.288,15517.706,331.6542716,1.7412,319631931,249898486.1,1176034867,68102.5,192,127806.0609
1/1/2010,152.5275562,9235,5851,13425,74.45,128.46,82.63,80.13,66.62,681.9963,233395,213312,7255.406,2692.829,7973.46,15572.014,336.1979351,1.8748,323908655,227569484.9,1155301354,68577.68421,234,123956.4749
2/1/2010,152.5275562,8912,5885,14078,79.83,130,96.48,81.91,67.63,850.0069,236614,220957,7314.213,2729.92,7985.848,15665.51,340.7366072,1.811,326604361,225199997.8,1158583105,65937.16667,215,93488.36005
3/1/2010,152.5275562,9153,6162,14766,102.43,166.75,136.74,90.21,83.66,1840.7023,318011,353738,7383.905,2770.832,8017.339,15776.145,340.5662389,1.781,328636026,229891567.6,1173683553,69069.86957,185,103029.7731
4/1/2010,158.8628526,9150,6010,14921,96.87,149.61,137.64,83.46,75.11,2363.8876,274873,277843,7463.618,2812.348,8059.502,15875.71,341.9966171,1.7306,331852076,229269988.6,1169619145,69737.6,196,118048.8666
5/1/2010,158.8628526,8709,5658,15025,107.89,153.04,154.18,99.78,81.05,2562.3299,297374,251087,7522.451,2854.079,8105.302,15961.945,351.0937272,1.8167,335901450,231764818.3,1183212018,62604.80952,235,104411.3726
6/1/2010,158.8628526,8676,5420,15180,105.02,160.41,136.95,108.59,82.95,1906.5048,283997,262758,7565.006,2881.611,8133.49,16018.314,352.5683208,1.8015,341889866,235524919.9,1203586091,63331.38095,248,106033.8199
7/1/2010,163.6268845,8448,5224,15303,105.91,178.13,135.36,112.45,85.5,2060.1561,290756,302332,7604.613,2922.672,8163.984,16078.069,354.2606488,1.7572,350691950,236625250.1,1214278749,64143,214,113133.3836
8/1/2010,163.6268845,8812,5451,15456,111.92,179.21,145.95,109.31,89.65,2001.1549,308387,312783,7670.658,2966.495,8232.199,16206.292,359.2202978,1.756,354495995,243405548.3,1238235543,66576.31818,233,107952.0934
9/1/2010,163.6268845,8904,5658,15405,107.36,192.71,137.71,106.55,88.25,1932.9623,278441,307057,7762.832,2990.435,8289.682,16299.225,360.3338808,1.6942,361242172,249816004.6,1269936373,67792.52381,206,109247.7988
10/1/2010,163.5489921,8951,5713,15434,103.86,176.57,125.58,113.69,88.08,1586.8469,293567,303172,7806.998,3004.107,8373.624,16384.241,361.7391829,1.7014,365719671,250769881,1282234261,70618.45,175,123235.6266
11/1/2010,163.5489921,8963,5833,15317,98.27,183.68,111.5,121.57,84.3,1334.5547,301940,328473,7796.238,2999.035,8506.851,16460.157,364.4522268,1.7161,371209621,260042717.2,1313919981,70379.6,198,114959.8697
12/1/2010,163.5489921,9302,6305,15169,112.82,162.91,140.45,105.5,96.17,1412.1723,264780,381552,7648.706,2918.291,8519.966,16358.947,365.2540217,1.6662,379604273,282299151.7,1376405243,68546.52381,189,153571.7551
1/1/2011,160.4515748,9810,6250,14467,79.89,150.57,96.4,89.28,67.44,1150.7116,239301,244873,7700.967,2955.887,8503.696,16425.966,367.5185966,1.6734,382043990,258333611.2,1362186067,69779.2,179,144604.9646
2/1/2011,160.4515748,9405,6331,14487,87.05,156.32,103.46,86.72,76.39,1262.8127,295946,274153,7756.688,2991.286,8522.908,16572.809,370.2014824,1.6612,383334105,255422666.2,1381616460,66515.7,177,103348.0341
3/1/2011,160.4515748,9508,6373,15188,97.99,171.91,120.94,98.89,83.95,2494.2471,296322,306135,7770.793,2996.183,8519.137,16636.325,371.7563286,1.6287,385733263,253532344.4,1410109955,67213.7619,173,113226.0856
4/1/2011,166.3302313,9237,6298,15335,97.92,170.17,135.15,90.84,74.28,3298.3604,283219,289189,7819.333,3030.083,8562.731,16750.319,373.9125153,1.5733,386122941,250062695.7,1417879016,67424.31579,169,130424.859
5/1/2011,166.3302313,9138,6002,15255,110.44,182.44,152.67,104.66,83.48,3420.4517,305251,318534,7860.129,3061.318,8589.18,16820.829,375.1090353,1.5799,387046563,251302875,1442969729,63730.45455,175,112860.264
6/1/2011,166.3302313,8868,5719,15387,112.95,179.35,137.91,116.15,98.33,3008.7557,296050,304333,7881.66,3094.492,8621.123,16872.143,375.5966771,1.5611,389558700,255574936.9,1471543505,62298.7619,154,130526.8148
7/1/2011,169.4149318,9128,5654,15436,105.28,177.49,135.24,116.28,83.27,2506.985,308798,306231,7904.3,3122.025,8651.463,16915.104,375.3337594,1.5563,398005681,254373019.3,1492180690,60431.38095,160,136891.8274
8/1/2011,169.4149318,9201,5879,15853,122.01,204.57,158.91,137.23,94.25,3247.0104,326213,327610,7939.431,3156.204,8697.445,17007.369,377.0602947,1.5872,402719240,250228287.7,1517982132,53841.13043,194,116878.4768
9/1/2011,169.4149318,9524,6113,15731,109.09,189.23,141.92,117.86,85.76,2989.5451,261130,311648,8003.511,3183.315,8741.327,17099.486,379.3980685,1.8544,409310509,257560429.7,1551453243,55398.85714,274,117293.9224
10/1/2011,167.7488732,9365,6156,15671,104.3,186.07,137.04,105.39,83.12,2291.7222,270949,280567,8008.27,3195.929,8803.864,17173.881,382.6988317,1.6885,412717601,255383754,1558711260,54668.85,227,133182.8124
11/1/2011,167.7488732,9303,6208,15484,105.29,197.98,132.78,119.41,84.15,2165.5409,273358,321560,7953.929,3175.011,8912.384,17225.936,383.7321186,1.8109,414983459,263610827.4,1589247991,57093,224,122018.6746
12/1/2011,167.7488732,9483,6498,15282,109.7,170.43,144.58,98.47,91.43,1868.6904,261245,348415,7812.776,3095.329,8901.355,17124.541,381.5064723,1.8758,420872648,286644699.5,1636222970,57407.85714,208,149095.4781
1/1/2012,163.1906661,9800,6466,14567,81.92,164.09,99.71,91.71,67.21,1462.904,210604,268273,7847.896,3142.203,8866.227,17181.636,380.133049,1.7391,423261828,261584117.8,1610840795,60697.61905,221,151503.2088
2/1/2012,163.1906661,9705,6608,15059,92.22,151.73,108.62,99.43,81.13,1572.5516,219068,249517,7866.192,3172.444,8860.315,17287.534,379.9429825,1.7092,425054072,258715120.4,1617431930,65483.21053,194,109058.5755
3/1/2012,163.1906661,10271,7037,15579,105.33,172.54,144.36,88.86,84,2939.1627,313178,300574,7861.537,3211.092,8866.817,17373.215,381.1208057,1.8221,429860852,260159107.3,1634442683,66612.27273,176,124755.2122
4/1/2012,167.9709163,9928,6856,15530,96.78,168.79,137.93,80.55,73.55,2988.532,266275,257887,7890.295,3254.514,8901.628,17457.549,386.1516003,1.8918,434077045,261455903.6,1629994080,62579,186,133801.8741
5/1/2012,167.9709163,9532,6417,15264,114.5,184.89,161.11,110.51,83.59,4523.5325,286215,287465,7909.658,3270.233,8911.479,17504.991,389.9745012,2.0223,442527440,262128228.6,1654328934,57135.63636,243,116638.9752
6/1/2012,167.9709163,9605,6282,15159,97.55,173.36,130.54,91.73,77.21,3165.3694,277722,353200,7919.286,3275.793,8923.256,17533.896,393.3282819,2.0213,449801588,268432209.7,1677832923,54664.8,213,121612.5772
7/1/2012,173.6256123,9274,6033,15214,107.71,172.18,141.66,116.02,83.5,3196.9057,301142,364196,7943.565,3302.577,8946.616,17574.407,397.1828991,2.0499,460241954,268646728.8,1687274531,54616.61905,183,125529.2326
8/1/2012,173.6256123,9622,6303,15628,114.64,182.88,152.73,116.88,89.81,2835.9349,333316,420080,7959.667,3315.022,8978.96,17627.706,399.0496587,2.0372,465932010,270288072.5,1703131971,58205.6087,181,114846.1331
9/1/2012,173.6256123,9749,6502,15573,103.27,165.18,135.88,104.14,82.12,2502.2057,289693,288108,8025.292,3326.128,9015.939,17681.948,402.0824361,2.0306,474052528,278261810.7,1723293830,60056.68421,166,115717.376
10/1/2012,171.9139801,9788,6592,15548,113.66,191.38,135.55,136.12,95.45,2381.7786,323940,341644,8043.176,3317.314,9065.334,17711.378,400.4338981,2.0313,479470968,276564520.1,1728286191,58590.77273,157,128030.6221
11/1/2012,171.9139801,10239,7051,15470,107.16,194.98,129.47,116,91.96,1994.509,314727,311772,8017.87,3275.455,9175.141,17749.385,400.5940717,2.1074,485716890,291266818.6,1744732763,57222.63158,153,122516.8487
12/1/2012,171.9139801,10133,7080,14834,103.01,165.79,133.95,109.29,81.88,1660.7036,268504,359355,7844.742,3179.848,9176.145,17605.377,402.7172202,2.0435,497139074,327180738.6,1778027744,59582.5,142,150370.3667
1/1/2013,167.6318712,10925,7202,14370,82.76,189.86,92.18,108.13,70.43,1727.084,291884,311453,7889.058,3215.889,9108.736,17616.929,405.4154256,1.9883,501669856,290360421.2,1736134228,61533.19048,155,161708.8247
2/1/2013,167.6318712,10475,7035,14790,79.87,157.56,98.12,85.6,67.53,1785.9816,242072,235109,7919.58,3233.756,9099.34,17710.88,406.6722134,1.9754,506417662,289879582.1,1735313557,57877.33333,178,108589.1222
3/1/2013,167.6318712,10357,7147,15148,98.04,178.85,120.69,105.21,82.92,3041.233,329103,283912,7943.213,3255.876,9102.894,17777.838,408.5429056,2.0138,514654970,296814266.3,1769264153,56797.45,189,113943.0824
4/1/2013,174.7269915,10302,7051,15592,105.89,200.35,145.22,101.31,81.08,4608.0998,352328,333738,7982.849,3291.146,9120.458,17854.57,410.6264744,2.0017,519548894,291405030.2,1766613638,54768.36364,173,134719.8285
5/1/2013,174.7269915,10242,6833,15569,112.55,195.52,161.1,102.75,82.28,4784.0778,344556,316233,7996.807,3288.342,9120.564,17881.506,411.8583539,2.1319,527860458,297126430.8,1793989890,55455.95238,206,124438.6322
6/1/2013,174.7269915,10092,6595,15326,111.72,177.45,143.13,100.39,94.96,3984.3047,323853,318619,8005.045,3290.111,9129.771,17926.64,414.4118757,2.2156,539315239,304884597.2,1832408036,49602.3,237,120703.8345
7/1/2013,178.4158335,10022,6454,15490,111.71,217.14,148.79,102.11,89.65,3668.0827,316740,342306,8012.771,3294.484,9131.545,17937.962,415.9451996,2.2903,551158753,299176201,1839144541,47160.13636,235,128129.4044
8/1/2013,178.4158335,10280,6601,15886,117.01,193.81,161.72,119.5,85.9,4131.8499,343562,329143,8024.113,3307.145,9182.794,18003.136,418.7320324,2.3725,558449217,302384746.2,1859194409,50061.72727,251,117639.7938
9/1/2013,178.4158335,10251,6760,15594,111.33,179.87,153.86,117.19,81.13,3182.7851,322776,309872,8086.932,3337.269,9237.909,18075.206,426.478575,2.23,567882037,305905140.9,1876621044,53634.80952,236,117592.6454
10/1/2013,176.260149,10545,7071,15787,121.77,222.19,140.57,124.17,111.07,2344.7923,322677,330203,8120.072,3333.285,9291.018,18109.549,430.0183472,2.2026,575369015,302533507.5,1887947207,54171.43478,220,134673.532
11/1/2013,176.260149,10711,7382,15810,111.92,182.7,134.15,108.62,99.94,1774.7367,293155,302939,8085.844,3300.351,9394.543,18155.234,430.4053637,2.3249,584781093,319246933.8,1924347605,52815,247,156322.9947
12/1/2013,176.260149,10706,7572,15321,111.01,172.92,129.28,120.48,98.71,1240.4841,231107,353843,7924.883,3215.512,9389.553,18031.784,434.4081336,2.3426,599825987,347945906.4,1969007339,50791.31579,224,162725.0947
1/1/2014,173.4449347,11798,7745,14537,85.69,195.49,100.86,111.77,68.84,1158.2513,237390,312618,7962.126,3254.857,9312.202,18057.06,437.6661946,2.4263,604824604,317162853.8,1954785893,49139.27273,272,163155.2655
2/1/2014,173.4449347,11879,8204,15107,87.2,173.82,108.79,96.08,69.53,2165.802,281627,259328,8010.418,3282.474,9333.196,18212.603,440.9049244,2.3334,609877474,320218602.4,1973256182,47367.35,245,112197.0137
3/1/2014,173.4449347,11289,7744,15079,95.94,166.11,138.82,87.16,68.59,3901.566,272754,240808,8015.481,3279.066,9306.851,18255.565,443.373992,2.263,614875533,314966886.8,1988151211,47046.47368,228,116067.5019
4/1/2014,173.9641308,10780,7588,15260,108.07,182.25,161.63,94.82,74.27,4945.7609,277091,293240,8009.759,3283.71,9324.066,18329.115,442.7532684,2.236,616830710,314276653.9,2001676247,51470.2,211,135875.6308
5/1/2014,173.9641308,10877,7304,14943,112.41,191.39,172.12,94.97,75.14,4598.5508,281355,293362,7981.227,3285.759,9323.198,18371.095,439.5654449,2.239,622339689,308844899.7,2020684014,53121.71429,208,116483.1925
6/1/2014,173.9641308,10322,6862,14683,110.12,171.28,164.09,100.78,74.99,4251.9196,215943,263564,7953.399,3272.216,9316.289,18404.356,437.2797046,2.2025,628926415,311272359.7,2044004118,53655.47368,208,120458.7465
7/1/2014,177.276255,10657,6773,14554,126.71,205.27,181.51,123.45,90,3961.797,254348,294768,7938.283,3274.782,9317.208,18417.169,435.7929536,2.2674,636446769,307789296.6,2051783682,55789.72727,212,125233.1112
8/1/2014,177.276255,10440,6989,15134,112.86,185.01,155.59,110.72,83.36,3291.4657,264637,272492,7933.476,3277.223,9359.212,18488.297,435.4007399,2.2396,640564030,311882823.8,2070067732,57748.38095,205,124326.6392
9/1/2014,177.276255,10576,7186,14975,110.06,200.14,151.67,118.7,78.58,2599.8638,300931,296294,7958.699,3286.547,9397.267,18548.342,434.9653392,2.451,645474104,319775630.6,2092566952,58277.81818,239,118765.9242
10/1/2014,175.8622718,11141,7615,14929,105.61,190.85,137.94,126.11,78.24,1843.8372,293328,306859,7946.538,3250.959,9430.801,18552.709,435.7047803,2.4442,649650206,318642122.7,2103752825,54342.30435,233,133149.2298
11/1/2014,175.8622718,11382,7974,15256,91.7,176.26,119.13,106.06,68.8,1448.2922,264830,294651,7903.494,3201.565,9536.381,18581.546,439.5825528,2.5601,655806257,331913314.1,2129053943,53578.63158,238,135937.6345
12/1/2014,175.8622718,11161,7856,14648,106.25,173.64,140.37,116.72,80.84,1601.825,207597,370028,7737.892,3062.872,9519.437,18415.6,440.1540101,2.6562,664847301,356491810.8,2168345291,50006.95,259,148659.9187
1/1/2015,170.6473362,12544,8043,13709,87.83,174.25,116.73,117.13,59.04,1444.0366,204716,253803,7765.833,3053.223,9421.858,18405.275,440.3300717,2.6623,663517447,327149785,2146410815,48368.80952,324,156589.3543
2/1/2015,170.6473362,11766,8057,14407,80.07,158.86,105.25,90.91,58.99,1251.4249,205953,185944,7768.003,3026.406,9391.852,18468.945,440.9025008,2.8782,660210261,324456223.9,2150532536,50130.88889,322,113946.4871
3/1/2015,170.6473362,11083,7876,14516,114.28,182.55,160.32,121.63,80.37,3038.2906,256480,234631,7753.175,3007.298,9394.867,18526.88,444.8706233,3.208,652549189,321729125.1,2165005595,50404.90909,322,117292.8991
4/1/2015,169.2062856,10873,7876,14565,105.73,156.89,168.6,84.99,68.62,3234.8759,219623,219351,7700.891,2983.283,9373.84,18518.972,451.7216309,2.9936,650444733,313405301.1,2160020264,54495.45,295,133199.6513
5/1/2015,169.2062856,10540,7336,14250,117.56,150.83,192.92,101.2,72.67,4188.7134,213047,212696,7641.03,2951.024,9354.575,18487.587,454.9288545,3.1788,651079300,312421267.8,2175450337,55807.2,294,112435.1412
6/1/2015,169.2062856,10095,7047,14115,137.39,165.15,210.42,118.54,92.72,4319.0931,187608,212524,7579.18,2923.935,9329.105,18449.148,457.3854703,3.1026,648879274,312595466,2182472623,53482.52381,304,118090.9551
7/1/2015,169.7184555,10093,6813,13891,129.42,177.9,197.15,126.56,84.49,3975.4654,223145,227617,7518.805,2898.507,9294.448,18388.83,459.4437049,3.394,650714091,306143635,2192049416,51558.95455,315,123696.2927
8/1/2015,169.7184555,10297,7050,14230,111.73,140.41,166.65,118.52,72.83,2960.3674,216991,207250,7473.78,2870.981,9281.704,18394.094,461.189591,3.6467,647539584,304234885.3,2194277541,47687.38095,340,113247.1311
9/1/2015,169.7184555,10419,7134,13957,118.72,148,166.98,124.61,83.61,2656.9572,176757,200077,7465.453,2840.161,9264.378,18360.121,468.0613159,3.9729,646378452,303100687.7,2215230386,46314.2381,442,114494.5364
10/1/2015,166.1357549,11131,7602,14064,120.01,157.26,173.77,130.56,81.42,2668.2277,208097,192147,7419.495,2787.973,9259.671,18314.207,478.4990833,3.8589,647197563,305963430.6,2233449901,47281.38095,410,120392.3944
11/1/2015,166.1357549,11115,7759,13827,103.05,146.04,138.69,115.22,75.22,2038.2639,173874,195176,7344.015,2730.102,9311.651,18290.667,483.2362242,3.8506,649996769,317743944,2250721750,47089.21053,432,112655.1201
12/1/2015,166.1357549,11067,7821,13327,130.36,120.11,162.92,146.53,102.56,2018.3037,141798,227760,7158.098,2620.673,9270.153,18094.563,482.5596935,3.9048,659005512,340656026,2314792171,44681.55,523,142091.7414
1/1/2016,161.8355328,11821,7756,12538,90.88,122.35,127.99,108.29,59.74,1412.14,152778,155283,7142.03,2618.013,9200.637,18077.502,488.5434337,4.0428,650996716,315444065.4,2281592717,39390,512,148165.5982
2/1/2016,161.8355328,11352,7719,13368,109.91,123.3,146.9,135.47,76.55,2155.4032,144333,146809,7116.017,2598.462,9145.014,18080.113,490.30219,3.9796,648289784,313225862,2282081865,41024.68421,502,100884.7162
3/1/2016,161.8355328,11318,7809,13796,131.69,140.94,202.68,125.86,85.95,3869.1894,200352,179219,7092.493,2572.226,9103.001,18067.276,490.2531598,3.5589,647003070,307747242,2282327389,49173.77273,409,109579.0367
4/1/2016,163.7235485,11784,8066,13871,124.4,125.19,201.86,110.92,77.18,4055.0702,171298,162939,7076.782,2555.17,9072.578,18060.989,489.9099826,3.4508,642773092,310654442.2,2279766492,51851.45,385,126129.5689
5/1/2016,163.7235485,10942,7403,13835,135.08,138.68,200.49,131.75,92.13,4048.8838,178895,167489,7056.214,2524.777,9043.538,18027.761,493.3883435,3.5951,640246589,308421255.5,2293163673,51015.66667,403,106344.6651
6/1/2016,163.7235485,10607,6861,13733,127.14,156.5,182.7,137.85,85.54,3410.1319,186250,171797,7026.395,2494.133,9016.601,17988.058,496.8914007,3.2098,640680041,309494071.9,2308759810,50183.65,350,109693.692
7/1/2016,165.5563334,10380,6706,13944,121.35,141.33,160.28,129.05,91.02,2967.0764,191779,181408,7012.467,2464.709,8999.865,17950.6,495.4007265,3.239,643807200,308041977.3,2316032533,55021.61905,339,117672.4814
8/1/2016,165.5563334,10447,6787,14136,123.68,153.55,163.22,140.74,90.84,2578.7633,181197,183890,7021.044,2440.967,9001.446,17945.688,497.085089,3.2403,643658871,307450957.5,2329463991,57987.65217,309,101754.103
9/1/2016,165.5563334,10898,7063,13958,114.53,143.18,146.22,139.41,83.86,1719.6566,172105,159961,7031.639,2411.731,9005.899,17930.344,500.0675995,3.2462,645433350,317175000.7,2332124632,58424.14286,319,105103.4555
10/1/2016,162.4567904,10855,7078,13804,98.95,135.73,127.14,115.91,73.8,1330.4206,177570,159037,7027.528,2376.333,9018.217,17898.027,501.1677482,3.1811,646800713,316877432,2336941131,62326.9,313,164593.0126
11/1/2016,162.4567904,11133,7375,13822,111.81,137.53,122.32,124.65,97.03,1028.8453,219084,178156,6977.255,2322.502,9076.143,17858.373,504.9265064,3.3967,652682548,326416038.6,2367445062,61619,337,112204.7434
12/1/2016,162.4567904,11358,7562,13448,111.35,136.77,125.46,134.82,92.55,1160.3854,201143,204329,6852.227,2235.734,9055.11,17681.977,514.9240512,3.2591,669286299,356165117.3,2425786944,59125.71429,328,140778.4857
1/1/2017,162.4660361,11881,7775,13105,100.59,146.55,136.49,132.56,66.27,1186.449,179376,147219,6870.591,2234.538,8995.88,17671.95,521.3606018,3.127,662201480,320264199.7,2370890570,63533,289,147051.9733
2/1/2017,162.4660361,11330,7670,13323,103.74,128.28,148,110.03,71.82,2039.1527,201763,135667,6873.356,2220.777,8975.253,17732.396,521.7776903,3.0993,664105901,327533934.4,2381403852,66444,286,100798.7404
3/1/2017,162.4660361,12107,7956,13908,132.49,149.95,199.25,114.78,91.79,4193.8098,236568,189149,6872.454,2210.57,8941.189,17718.852,520.2123572,3.1684,662919497,319121098.7,2392998067,65027.78261,270,107890.9836
4/1/2017,165.1633612,11110,7684,14007,118.34,122.12,183.35,102.44,79.05,4442.3637,191554,156894,6885.439,2208.861,8946.965,17746.336,514.0218302,3.1984,665181328,321377736.5,2408224136,64468.22222,263,124492.0511
5/1/2017,165.1633612,10912,7195,13598,137.26,138.94,213.17,134.91,88.59,4653.4747,253398,195562,6886.431,2204.392,8936.024,17749.998,507.6479595,3.2437,668998341,320363481.5,2441625062,65116.59091,284,106016.0508
6/1/2017,165.1633612,10753,6937,13919,139.05,144.72,215.85,145.46,87.18,3886.6101,214838,194954,6879.144,2194.149,8933.534,17743.708,502.2668911,3.3082,678744382,327275748.7,2476389638,62015.71429,289,113170.9908
7/1/2017,168.2627383,10389,6653,14082,135.25,144.49,194.28,127.84,97.34,3295.3518,225831,184815,6893.043,2194.111,8944.517,17749.132,500.2075969,3.1307,684707833,327227634.9,2471837238,64503.90476,267,115674.9612
8/1/2017,168.2627383,10435,6712,14197,139.31,161.73,205.28,139.98,94.55,3597.9253,266489,216534,6906.121,2193.87,8956.115,17772.988,505.0095898,3.1471,690409721,323777554.1,2492169887,68804.30435,272,112582.1317
9/1/2017,168.2627383,11066,7118,14146,129.13,157.76,185.65,142.36,88.27,3078.8588,239763,199211,6931.877,2193.418,8972.111,17775.832,510.3121905,3.168,697406903,328886427.3,2508420744,74306.25,246,114230.31
10/1/2017,166.3259739,11119,7316,14173,127.63,157.24,175.67,146.68,89.59,2410.3988,253906,202857,6965.436,2188.021,9010.522,17790.683,509.495691,3.2769,698581334,327808404.2,2496090138,76115.38095,243,125818.5714
11/1/2017,166.3259739,11413,7486,14316,114.56,150.16,151.05,122.23,86.31,2038.2227,254073,204205,6937.184,2163.531,9078.862,17786.295,515.3039419,3.2616,705588126,342301497.2,2521295283,73357.42105,241,123597.943
12/1/2017,166.3259739,11389,7628,14073,118.43,141.13,151.51,125.2,92.59,2156.257,219697,212615,6831.745,2108.324,9083.783,17661.928,521.2299372,3.308,727981354,376582679.6,2560293067,73611.05263,240,147399.35
1/1/2018,164.8294508,11849,7636,13597,112.93,158.91,155.91,125.93,78.76,1646.9471,219217,181266,6880.288,2124.337,9036.445,17705.944,526.1294986,3.1624,725734249,341240297.8,2519135979,80826.95238,229,160386.3906
2/1/2018,164.8294508,11539,7637,13845,114.55,158.94,137.65,108.55,98.57,1842.5474,213498,156905,6894.871,2120.551,9012.59,17782.921,526.1821116,3.2449,727848592,342993518.7,2534576738,84633.77778,238,111398.4411
3/1/2018,164.8294508,11793,7798,14023,132.11,150.25,197.74,119.65,90.67,4107.3726,267539,207365,6903.79,2128.374,9007.418,17844.747,525.7085477,3.3238,734825268,348700366.7,2588604399,85196.57143,246,112069.2234
4/1/2018,166.9025376,11781,7928,14539,126.55,145.19,197.11,111.3,83.99,4625.5855,266549,217330,6926.373,2143.418,9017.63,17910.167,530.7553497,3.4811,738795110,352401143.4,2588679856,85031.90476,250,131826.7249
5/1/2018,166.9025376,11229,7473,14048,124.99,140.78,219.04,114.8,66.99,5401.1381,212329,201897,6920.165,2145.847,9006.096,17929.314,544.8203665,3.737,744039511,351359278.5,2617177490,82294.61905,307,111481.5153
6/1/2018,166.9025376,10918,6961,13525,130.56,153.44,190.54,135.23,88.77,4702.0536,256311,201982,6900.925,2143.937,8984.637,17929.268,554.7905792,3.8558,752524350,352327417.1,2665400470,72680.2381,332,114566.561
7/1/2018,170.8490805,10643,6734,14170,144.68,200.27,249.86,115.42,85.81,4594.8126,245935,217509,6907.356,2153.779,8984.835,17940.33,559.9501316,3.7549,759125383,350044108.3,2665423518,76993.19048,267,125374.2272
8/1/2018,170.8490805,10689,6908,14486,142.07,202.31,210.72,104.35,106.8,4172.6088,291099,248623,6922.417,2165.31,9003.699,18006.971,563.8137875,4.1353,767980281,358805568.8,2700115557,77799.78261,345,113288.4119
9/1/2018,170.8490805,11007,7030,14419,126.33,150.94,196.11,139.26,77.37,3080.6113,223081,213339,6958.351,2177.557,9031.712,18069.244,578.9803784,4.0039,779246716,364408415,2745597668,77062.26316,293,113789.6057
10/1/2018,168.3599365,11412,7393,14312,141.73,173.55,219.63,139.37,92.23,3289.0314,263186,254732,6965.994,2177.502,9066.206,18096.975,582.3963626,3.7177,779696012,355996999,2736098216,84196.40909,260,125989.2515
11/1/2018,168.3599365,11639,7603,14498,138.4,180.47,196.94,130.1,104.23,3358.8213,244771,230945,6941.418,2162.372,9155.082,18131.226,573.8351361,3.8633,783382482,369086398.6,2744519065,87440.05263,270,122347.5595
12/1/2018,168.3599365,11519,7696,14001,131.9,135.65,202.8,132.05,87.67,3148.0829,177503,234531,6829.682,2107.599,9173.367,17994.684,568.9575374,3.8748,800889430,402470489.2,2827657330,87065.05556,276,145246.9701
1/1/2019,165.8079654,12797,8096,13575,122.49,179,169.23,141.47,88.73,2066.9623,199145,199794,6866.102,2122.917,9108.057,18034.331,569.1851204,3.6519,792574332,365787834.1,2759819612,94495.66667,238,156985.6037
2/1/2019,165.8079654,12603,8198,13575,109.85,140.54,171.11,97.37,75.24,2737.6102,257939,198641,6894.618,2134.913,9115.962,18160.319,574.5923791,3.7385,791418686,369288761.9,2766243640,96730.15,239,117478.1925
3/1/2019,165.8079654,12338,8062,13858,119.94,146.43,196.71,108.85,75.59,3766.824,240763,209165,6891.083,2127.259,9087.277,18167.403,579.1891181,3.8967,796364767,370246133.1,2803485241,96304.15789,253,111395.512
4/1/2019,168.6983001,11554,7805,13676,130.23,150.34,211.49,117.93,83.58,3879.5485,267561,231936,6910.587,2142.538,9100.925,18233.589,588.456144,3.9453,796502550,368569032.4,2814043282,95369.28571,252,131382.6744
5/1/2019,168.6983001,11904,7779,14126,137.86,165.85,218.55,140.92,87.43,4138.5082,275747,245440,6903.21,2151.013,9089.699,18238.177,597.0476037,3.9407,798870075,364546273.4,2834564514,94167.40909,274,113532.6333
6/1/2019,168.6983001,10877,7118,13760,120.53,147.41,190.74,121.56,77.03,3550.1256,233150,223198,6892.416,2163.886,9087.559,18260.74,599.3163846,3.8322,804274578,369510305.7,2858389652,98992.42105,239,119647.4089
7/1/2019,172.8921106,10918,6916,14000,130.75,198.93,210.53,119.38,84.5,4082.8424,266992,243614,6897.772,2182.768,9093.198,18268.337,601.6537185,3.7649,805719122,365411718,2863388897,103462.6818,212,130579.674
8/1/2019,172.8921106,10988,6955,14119,123.54,178.57,194.88,119.93,80.42,3542.4308,269758,242985,6915.488,2199.661,9118.418,18332.169,592.6890781,4.1385,810065572,369621211.5,2886706081,100609.5,248,120110.4238
9/1/2019,172.8921106,11365,7251,13791,138.68,188.73,208.86,119.68,100.72,3259.9017,247455,234848,6955.866,2218.017,9147.356,18396.846,596.1266747,4.1644,821615885,380234469.3,2930316711,103539.3333,247,114013.8874
10/1/2019,171.1684479,11924,7756,14306,135.86,196,223.47,135.56,82.18,3458.4596,288519,253361,6965.189,2224.754,9192.101,18414.893,599.8226601,4.0041,824232326,374708232.8,2941569054,107220,240,127837.8549
11/1/2019,171.1684479,12377,8118,14070,122.7,160.73,184.89,128.24,83.46,3115.5134,227455,242310,6940.167,2216.387,9299.511,18458.666,599.7626778,4.224,829347597,398560924.9,2981766507,108042,239,124721.6354
12/1/2019,171.1684479,12176,8065,13442,129.55,145.93,216.2,118.03,79.3,2509.7409,170504,262558,6840.134,2166.925,9317.359,18328.503,609.5388095,4.0307,849177209,439257141.3,3073727066,115964,214,145481.0188
1/1/2020,165.3914671,12907,8042,13476,99.65,190.12,146.79,121.35,65.86,1370.2619,191731,193459,6891.632,2193.986,9259.171,18359.054,610.3921638,4.2695,839337057,396901704.7,3006919226,113761,225,164354.007
2/1/2020,165.3914671,12370,8019,13736,106.68,155.91,169.34,100.91,69.57,2275.3718,204203,200997,6923.366,2215.13,9264.326,18483.452,606.1194187,4.4987,838021934,402158077.5,3017807837,104172,252,112138.5935
3/1/2020,165.3914671,12446,7817,14071,131.63,171.51,220.46,133.78,76.19,4427.7496,189958,163625,6895.239,2202.169,9198.479,18387.064,616.6658966,5.1987,852637621,427583211.1,3182893578,73020,389,107312.4228
4/1/2020,149.4067421,12308,6393,12173,124.96,141.02,238.52,112.84,56.56,5531.2169,1847,55735,6703.487,2135.227,8968.27,18024.686,613.8909,5.427,885468205,462410029.9,3364774866,80506,422,93554.84574
5/1/2020,149.4067421,11809,5816,12248,137.06,169.59,259.85,141.95,59.88,5340.1544,43080,62190,6609.251,2116.469,8879.531,17881.207,625.2478817,5.4263,924827549,493926240.3,3509362118,87403,392,76611.58054
6/1/2020,149.4067421,11393,5612,12522,135.36,128.43,241.8,147.66,66.57,4802.7989,98447,132818,6606.741,2133.739,8862.885,17836.316,642.4421984,5.476,947378241,513971189,3593387090,95056,380,84570.86236
