DATE,Payroll,Industry,Income,Sales,Lag,Target
1854-12-01,,,,,,1
1855-01-01,,,,,1,0
1855-02-01,,,,,0,0
1855-03-01,,,,,0,0
1855-04-01,,,,,0,0
1855-05-01,,,,,0,0
1855-06-01,,,,,0,0
1855-07-01,,,,,0,0
1855-08-01,,,,,0,0
1855-09-01,,,,,0,0
1855-10-01,,,,,0,0
1855-11-01,,,,,0,0
1855-12-01,,,,,0,0
1856-01-01,,,,,0,0
1856-02-01,,,,,0,0
1856-03-01,,,,,0,0
1856-04-01,,,,,0,0
1856-05-01,,,,,0,0
1856-06-01,,,,,0,0
1856-07-01,,,,,0,0
1856-08-01,,,,,0,0
1856-09-01,,,,,0,0
1856-10-01,,,,,0,0
1856-11-01,,,,,0,0
1856-12-01,,,,,0,0
1857-01-01,,,,,0,0
1857-02-01,,,,,0,0
1857-03-01,,,,,0,0
1857-04-01,,,,,0,0
1857-05-01,,,,,0,0
1857-06-01,,,,,0,0
1857-07-01,,,,,0,1
1857-08-01,,,,,1,1
1857-09-01,,,,,1,1
1857-10-01,,,,,1,1
1857-11-01,,,,,1,1
1857-12-01,,,,,1,1
1858-01-01,,,,,1,1
1858-02-01,,,,,1,1
1858-03-01,,,,,1,1
1858-04-01,,,,,1,1
1858-05-01,,,,,1,1
1858-06-01,,,,,1,1
1858-07-01,,,,,1,1
1858-08-01,,,,,1,1
1858-09-01,,,,,1,1
1858-10-01,,,,,1,1
1858-11-01,,,,,1,1
1858-12-01,,,,,1,1
1859-01-01,,,,,1,0
1859-02-01,,,,,0,0
1859-03-01,,,,,0,0
1859-04-01,,,,,0,0
1859-05-01,,,,,0,0
1859-06-01,,,,,0,0
1859-07-01,,,,,0,0
1859-08-01,,,,,0,0
1859-09-01,,,,,0,0
1859-10-01,,,,,0,0
1859-11-01,,,,,0,0
1859-12-01,,,,,0,0
1860-01-01,,,,,0,0
1860-02-01,,,,,0,0
1860-03-01,,,,,0,0
1860-04-01,,,,,0,0
1860-05-01,,,,,0,0
1860-06-01,,,,,0,0
1860-07-01,,,,,0,0
1860-08-01,,,,,0,0
1860-09-01,,,,,0,0
1860-10-01,,,,,0,0
1860-11-01,,,,,0,1
1860-12-01,,,,,1,1
1861-01-01,,,,,1,1
1861-02-01,,,,,1,1
1861-03-01,,,,,1,1
1861-04-01,,,,,1,1
1861-05-01,,,,,1,1
1861-06-01,,,,,1,1
1861-07-01,,,,,1,0
1861-08-01,,,,,0,0
1861-09-01,,,,,0,0
1861-10-01,,,,,0,0
1861-11-01,,,,,0,0
1861-12-01,,,,,0,0
1862-01-01,,,,,0,0
1862-02-01,,,,,0,0
1862-03-01,,,,,0,0
1862-04-01,,,,,0,0
1862-05-01,,,,,0,0
1862-06-01,,,,,0,0
1862-07-01,,,,,0,0
1862-08-01,,,,,0,0
1862-09-01,,,,,0,0
1862-10-01,,,,,0,0
1862-11-01,,,,,0,0
1862-12-01,,,,,0,0
1863-01-01,,,,,0,0
1863-02-01,,,,,0,0
1863-03-01,,,,,0,0
1863-04-01,,,,,0,0
1863-05-01,,,,,0,0
1863-06-01,,,,,0,0
1863-07-01,,,,,0,0
1863-08-01,,,,,0,0
1863-09-01,,,,,0,0
1863-10-01,,,,,0,0
1863-11-01,,,,,0,0
1863-12-01,,,,,0,0
1864-01-01,,,,,0,0
1864-02-01,,,,,0,0
1864-03-01,,,,,0,0
1864-04-01,,,,,0,0
1864-05-01,,,,,0,0
1864-06-01,,,,,0,0
1864-07-01,,,,,0,0
1864-08-01,,,,,0,0
1864-09-01,,,,,0,0
1864-10-01,,,,,0,0
1864-11-01,,,,,0,0
1864-12-01,,,,,0,0
1865-01-01,,,,,0,0
1865-02-01,,,,,0,0
1865-03-01,,,,,0,0
1865-04-01,,,,,0,0
1865-05-01,,,,,0,1
1865-06-01,,,,,1,1
1865-07-01,,,,,1,1
1865-08-01,,,,,1,1
1865-09-01,,,,,1,1
1865-10-01,,,,,1,1
1865-11-01,,,,,1,1
1865-12-01,,,,,1,1
1866-01-01,,,,,1,1
1866-02-01,,,,,1,1
1866-03-01,,,,,1,1
1866-04-01,,,,,1,1
1866-05-01,,,,,1,1
1866-06-01,,,,,1,1
1866-07-01,,,,,1,1
1866-08-01,,,,,1,1
1866-09-01,,,,,1,1
1866-10-01,,,,,1,1
1866-11-01,,,,,1,1
1866-12-01,,,,,1,1
1867-01-01,,,,,1,1
1867-02-01,,,,,1,1
1867-03-01,,,,,1,1
1867-04-01,,,,,1,1
1867-05-01,,,,,1,1
1867-06-01,,,,,1,1
1867-07-01,,,,,1,1
1867-08-01,,,,,1,1
1867-09-01,,,,,1,1
1867-10-01,,,,,1,1
1867-11-01,,,,,1,1
1867-12-01,,,,,1,1
1868-01-01,,,,,1,0
1868-02-01,,,,,0,0
1868-03-01,,,,,0,0
1868-04-01,,,,,0,0
1868-05-01,,,,,0,0
1868-06-01,,,,,0,0
1868-07-01,,,,,0,0
1868-08-01,,,,,0,0
1868-09-01,,,,,0,0
1868-10-01,,,,,0,0
1868-11-01,,,,,0,0
1868-12-01,,,,,0,0
1869-01-01,,,,,0,0
1869-02-01,,,,,0,0
1869-03-01,,,,,0,0
1869-04-01,,,,,0,0
1869-05-01,,,,,0,0
1869-06-01,,,,,0,0
1869-07-01,,,,,0,1
1869-08-01,,,,,1,1
1869-09-01,,,,,1,1
1869-10-01,,,,,1,1
1869-11-01,,,,,1,1
1869-12-01,,,,,1,1
1870-01-01,,,,,1,1
1870-02-01,,,,,1,1
1870-03-01,,,,,1,1
1870-04-01,,,,,1,1
1870-05-01,,,,,1,1
1870-06-01,,,,,1,1
1870-07-01,,,,,1,1
1870-08-01,,,,,1,1
1870-09-01,,,,,1,1
1870-10-01,,,,,1,1
1870-11-01,,,,,1,1
1870-12-01,,,,,1,1
1871-01-01,,,,,1,0
1871-02-01,,,,,0,0
1871-03-01,,,,,0,0
1871-04-01,,,,,0,0
1871-05-01,,,,,0,0
1871-06-01,,,,,0,0
1871-07-01,,,,,0,0
1871-08-01,,,,,0,0
1871-09-01,,,,,0,0
1871-10-01,,,,,0,0
1871-11-01,,,,,0,0
1871-12-01,,,,,0,0
1872-01-01,,,,,0,0
1872-02-01,,,,,0,0
1872-03-01,,,,,0,0
1872-04-01,,,,,0,0
1872-05-01,,,,,0,0
1872-06-01,,,,,0,0
1872-07-01,,,,,0,0
1872-08-01,,,,,0,0
1872-09-01,,,,,0,0
1872-10-01,,,,,0,0
1872-11-01,,,,,0,0
1872-12-01,,,,,0,0
1873-01-01,,,,,0,0
1873-02-01,,,,,0,0
1873-03-01,,,,,0,0
1873-04-01,,,,,0,0
1873-05-01,,,,,0,0
1873-06-01,,,,,0,0
1873-07-01,,,,,0,0
1873-08-01,,,,,0,0
1873-09-01,,,,,0,0
1873-10-01,,,,,0,0
1873-11-01,,,,,0,1
1873-12-01,,,,,1,1
1874-01-01,,,,,1,1
1874-02-01,,,,,1,1
1874-03-01,,,,,1,1
1874-04-01,,,,,1,1
1874-05-01,,,,,1,1
1874-06-01,,,,,1,1
1874-07-01,,,,,1,1
1874-08-01,,,,,1,1
1874-09-01,,,,,1,1
1874-10-01,,,,,1,1
1874-11-01,,,,,1,1
1874-12-01,,,,,1,1
1875-01-01,,,,,1,1
1875-02-01,,,,,1,1
1875-03-01,,,,,1,1
1875-04-01,,,,,1,1
1875-05-01,,,,,1,1
1875-06-01,,,,,1,1
1875-07-01,,,,,1,1
1875-08-01,,,,,1,1
1875-09-01,,,,,1,1
1875-10-01,,,,,1,1
1875-11-01,,,,,1,1
1875-12-01,,,,,1,1
1876-01-01,,,,,1,1
1876-02-01,,,,,1,1
1876-03-01,,,,,1,1
1876-04-01,,,,,1,1
1876-05-01,,,,,1,1
1876-06-01,,,,,1,1
1876-07-01,,,,,1,1
1876-08-01,,,,,1,1
1876-09-01,,,,,1,1
1876-10-01,,,,,1,1
1876-11-01,,,,,1,1
1876-12-01,,,,,1,1
1877-01-01,,,,,1,1
1877-02-01,,,,,1,1
1877-03-01,,,,,1,1
1877-04-01,,,,,1,1
1877-05-01,,,,,1,1
1877-06-01,,,,,1,1
1877-07-01,,,,,1,1
1877-08-01,,,,,1,1
1877-09-01,,,,,1,1
1877-10-01,,,,,1,1
1877-11-01,,,,,1,1
1877-12-01,,,,,1,1
1878-01-01,,,,,1,1
1878-02-01,,,,,1,1
1878-03-01,,,,,1,1
1878-04-01,,,,,1,1
1878-05-01,,,,,1,1
1878-06-01,,,,,1,1
1878-07-01,,,,,1,1
1878-08-01,,,,,1,1
1878-09-01,,,,,1,1
1878-10-01,,,,,1,1
1878-11-01,,,,,1,1
1878-12-01,,,,,1,1
1879-01-01,,,,,1,1
1879-02-01,,,,,1,1
1879-03-01,,,,,1,1
1879-04-01,,,,,1,0
1879-05-01,,,,,0,0
1879-06-01,,,,,0,0
1879-07-01,,,,,0,0
1879-08-01,,,,,0,0
1879-09-01,,,,,0,0
1879-10-01,,,,,0,0
1879-11-01,,,,,0,0
1879-12-01,,,,,0,0
1880-01-01,,,,,0,0
1880-02-01,,,,,0,0
1880-03-01,,,,,0,0
1880-04-01,,,,,0,0
1880-05-01,,,,,0,0
1880-06-01,,,,,0,0
1880-07-01,,,,,0,0
1880-08-01,,,,,0,0
1880-09-01,,,,,0,0
1880-10-01,,,,,0,0
1880-11-01,,,,,0,0
1880-12-01,,,,,0,0
1881-01-01,,,,,0,0
1881-02-01,,,,,0,0
1881-03-01,,,,,0,0
1881-04-01,,,,,0,0
1881-05-01,,,,,0,0
1881-06-01,,,,,0,0
1881-07-01,,,,,0,0
1881-08-01,,,,,0,0
1881-09-01,,,,,0,0
1881-10-01,,,,,0,0
1881-11-01,,,,,0,0
1881-12-01,,,,,0,0
1882-01-01,,,,,0,0
1882-02-01,,,,,0,0
1882-03-01,,,,,0,0
1882-04-01,,,,,0,1
1882-05-01,,,,,1,1
1882-06-01,,,,,1,1
1882-07-01,,,,,1,1
1882-08-01,,,,,1,1
1882-09-01,,,,,1,1
1882-10-01,,,,,1,1
1882-11-01,,,,,1,1
1882-12-01,,,,,1,1
1883-01-01,,,,,1,1
1883-02-01,,,,,1,1
1883-03-01,,,,,1,1
1883-04-01,,,,,1,1
1883-05-01,,,,,1,1
1883-06-01,,,,,1,1
1883-07-01,,,,,1,1
1883-08-01,,,,,1,1
1883-09-01,,,,,1,1
1883-10-01,,,,,1,1
1883-11-01,,,,,1,1
1883-12-01,,,,,1,1
1884-01-01,,,,,1,1
1884-02-01,,,,,1,1
1884-03-01,,,,,1,1
1884-04-01,,,,,1,1
1884-05-01,,,,,1,1
1884-06-01,,,,,1,1
1884-07-01,,,,,1,1
1884-08-01,,,,,1,1
1884-09-01,,,,,1,1
1884-10-01,,,,,1,1
1884-11-01,,,,,1,1
1884-12-01,,,,,1,1
1885-01-01,,,,,1,1
1885-02-01,,,,,1,1
1885-03-01,,,,,1,1
1885-04-01,,,,,1,1
1885-05-01,,,,,1,1
1885-06-01,,,,,1,0
1885-07-01,,,,,0,0
1885-08-01,,,,,0,0
1885-09-01,,,,,0,0
1885-10-01,,,,,0,0
1885-11-01,,,,,0,0
1885-12-01,,,,,0,0
1886-01-01,,,,,0,0
1886-02-01,,,,,0,0
1886-03-01,,,,,0,0
1886-04-01,,,,,0,0
1886-05-01,,,,,0,0
1886-06-01,,,,,0,0
1886-07-01,,,,,0,0
1886-08-01,,,,,0,0
1886-09-01,,,,,0,0
1886-10-01,,,,,0,0
1886-11-01,,,,,0,0
1886-12-01,,,,,0,0
1887-01-01,,,,,0,0
1887-02-01,,,,,0,0
1887-03-01,,,,,0,0
1887-04-01,,,,,0,1
1887-05-01,,,,,1,1
1887-06-01,,,,,1,1
1887-07-01,,,,,1,1
1887-08-01,,,,,1,1
1887-09-01,,,,,1,1
1887-10-01,,,,,1,1
1887-11-01,,,,,1,1
1887-12-01,,,,,1,1
1888-01-01,,,,,1,1
1888-02-01,,,,,1,1
1888-03-01,,,,,1,1
1888-04-01,,,,,1,1
1888-05-01,,,,,1,0
1888-06-01,,,,,0,0
1888-07-01,,,,,0,0
1888-08-01,,,,,0,0
1888-09-01,,,,,0,0
1888-10-01,,,,,0,0
1888-11-01,,,,,0,0
1888-12-01,,,,,0,0
1889-01-01,,,,,0,0
1889-02-01,,,,,0,0
1889-03-01,,,,,0,0
1889-04-01,,,,,0,0
1889-05-01,,,,,0,0
1889-06-01,,,,,0,0
1889-07-01,,,,,0,0
1889-08-01,,,,,0,0
1889-09-01,,,,,0,0
1889-10-01,,,,,0,0
1889-11-01,,,,,0,0
1889-12-01,,,,,0,0
1890-01-01,,,,,0,0
1890-02-01,,,,,0,0
1890-03-01,,,,,0,0
1890-04-01,,,,,0,0
1890-05-01,,,,,0,0
1890-06-01,,,,,0,0
1890-07-01,,,,,0,0
1890-08-01,,,,,0,1
1890-09-01,,,,,1,1
1890-10-01,,,,,1,1
1890-11-01,,,,,1,1
1890-12-01,,,,,1,1
1891-01-01,,,,,1,1
1891-02-01,,,,,1,1
1891-03-01,,,,,1,1
1891-04-01,,,,,1,1
1891-05-01,,,,,1,1
1891-06-01,,,,,1,0
1891-07-01,,,,,0,0
1891-08-01,,,,,0,0
1891-09-01,,,,,0,0
1891-10-01,,,,,0,0
1891-11-01,,,,,0,0
1891-12-01,,,,,0,0
1892-01-01,,,,,0,0
1892-02-01,,,,,0,0
1892-03-01,,,,,0,0
1892-04-01,,,,,0,0
1892-05-01,,,,,0,0
1892-06-01,,,,,0,0
1892-07-01,,,,,0,0
1892-08-01,,,,,0,0
1892-09-01,,,,,0,0
1892-10-01,,,,,0,0
1892-11-01,,,,,0,0
1892-12-01,,,,,0,0
1893-01-01,,,,,0,0
1893-02-01,,,,,0,1
1893-03-01,,,,,1,1
1893-04-01,,,,,1,1
1893-05-01,,,,,1,1
1893-06-01,,,,,1,1
1893-07-01,,,,,1,1
1893-08-01,,,,,1,1
1893-09-01,,,,,1,1
1893-10-01,,,,,1,1
1893-11-01,,,,,1,1
1893-12-01,,,,,1,1
1894-01-01,,,,,1,1
1894-02-01,,,,,1,1
1894-03-01,,,,,1,1
1894-04-01,,,,,1,1
1894-05-01,,,,,1,1
1894-06-01,,,,,1,1
1894-07-01,,,,,1,0
1894-08-01,,,,,0,0
1894-09-01,,,,,0,0
1894-10-01,,,,,0,0
1894-11-01,,,,,0,0
1894-12-01,,,,,0,0
1895-01-01,,,,,0,0
1895-02-01,,,,,0,0
1895-03-01,,,,,0,0
1895-04-01,,,,,0,0
1895-05-01,,,,,0,0
1895-06-01,,,,,0,0
1895-07-01,,,,,0,0
1895-08-01,,,,,0,0
1895-09-01,,,,,0,0
1895-10-01,,,,,0,0
1895-11-01,,,,,0,0
1895-12-01,,,,,0,0
1896-01-01,,,,,0,1
1896-02-01,,,,,1,1
1896-03-01,,,,,1,1
1896-04-01,,,,,1,1
1896-05-01,,,,,1,1
1896-06-01,,,,,1,1
1896-07-01,,,,,1,1
1896-08-01,,,,,1,1
1896-09-01,,,,,1,1
1896-10-01,,,,,1,1
1896-11-01,,,,,1,1
1896-12-01,,,,,1,1
1897-01-01,,,,,1,1
1897-02-01,,,,,1,1
1897-03-01,,,,,1,1
1897-04-01,,,,,1,1
1897-05-01,,,,,1,1
1897-06-01,,,,,1,1
1897-07-01,,,,,1,0
1897-08-01,,,,,0,0
1897-09-01,,,,,0,0
1897-10-01,,,,,0,0
1897-11-01,,,,,0,0
1897-12-01,,,,,0,0
1898-01-01,,,,,0,0
1898-02-01,,,,,0,0
1898-03-01,,,,,0,0
1898-04-01,,,,,0,0
1898-05-01,,,,,0,0
1898-06-01,,,,,0,0
1898-07-01,,,,,0,0
1898-08-01,,,,,0,0
1898-09-01,,,,,0,0
1898-10-01,,,,,0,0
1898-11-01,,,,,0,0
1898-12-01,,,,,0,0
1899-01-01,,,,,0,0
1899-02-01,,,,,0,0
1899-03-01,,,,,0,0
1899-04-01,,,,,0,0
1899-05-01,,,,,0,0
1899-06-01,,,,,0,0
1899-07-01,,,,,0,1
1899-08-01,,,,,1,1
1899-09-01,,,,,1,1
1899-10-01,,,,,1,1
1899-11-01,,,,,1,1
1899-12-01,,,,,1,1
1900-01-01,,,,,1,1
1900-02-01,,,,,1,1
1900-03-01,,,,,1,1
1900-04-01,,,,,1,1
1900-05-01,,,,,1,1
1900-06-01,,,,,1,1
1900-07-01,,,,,1,1
1900-08-01,,,,,1,1
1900-09-01,,,,,1,1
1900-10-01,,,,,1,1
1900-11-01,,,,,1,1
1900-12-01,,,,,1,1
1901-01-01,,,,,1,0
1901-02-01,,,,,0,0
1901-03-01,,,,,0,0
1901-04-01,,,,,0,0
1901-05-01,,,,,0,0
1901-06-01,,,,,0,0
1901-07-01,,,,,0,0
1901-08-01,,,,,0,0
1901-09-01,,,,,0,0
1901-10-01,,,,,0,0
1901-11-01,,,,,0,0
1901-12-01,,,,,0,0
1902-01-01,,,,,0,0
1902-02-01,,,,,0,0
1902-03-01,,,,,0,0
1902-04-01,,,,,0,0
1902-05-01,,,,,0,0
1902-06-01,,,,,0,0
1902-07-01,,,,,0,0
1902-08-01,,,,,0,0
1902-09-01,,,,,0,0
1902-10-01,,,,,0,1
1902-11-01,,,,,1,1
1902-12-01,,,,,1,1
1903-01-01,,,,,1,1
1903-02-01,,,,,1,1
1903-03-01,,,,,1,1
1903-04-01,,,,,1,1
1903-05-01,,,,,1,1
1903-06-01,,,,,1,1
1903-07-01,,,,,1,1
1903-08-01,,,,,1,1
1903-09-01,,,,,1,1
1903-10-01,,,,,1,1
1903-11-01,,,,,1,1
1903-12-01,,,,,1,1
1904-01-01,,,,,1,1
1904-02-01,,,,,1,1
1904-03-01,,,,,1,1
1904-04-01,,,,,1,1
1904-05-01,,,,,1,1
1904-06-01,,,,,1,1
1904-07-01,,,,,1,1
1904-08-01,,,,,1,1
1904-09-01,,,,,1,0
1904-10-01,,,,,0,0
1904-11-01,,,,,0,0
1904-12-01,,,,,0,0
1905-01-01,,,,,0,0
1905-02-01,,,,,0,0
1905-03-01,,,,,0,0
1905-04-01,,,,,0,0
1905-05-01,,,,,0,0
1905-06-01,,,,,0,0
1905-07-01,,,,,0,0
1905-08-01,,,,,0,0
1905-09-01,,,,,0,0
1905-10-01,,,,,0,0
1905-11-01,,,,,0,0
1905-12-01,,,,,0,0
1906-01-01,,,,,0,0
1906-02-01,,,,,0,0
1906-03-01,,,,,0,0
1906-04-01,,,,,0,0
1906-05-01,,,,,0,0
1906-06-01,,,,,0,0
1906-07-01,,,,,0,0
1906-08-01,,,,,0,0
1906-09-01,,,,,0,0
1906-10-01,,,,,0,0
1906-11-01,,,,,0,0
1906-12-01,,,,,0,0
1907-01-01,,,,,0,0
1907-02-01,,,,,0,0
1907-03-01,,,,,0,0
1907-04-01,,,,,0,0
1907-05-01,,,,,0,0
1907-06-01,,,,,0,1
1907-07-01,,,,,1,1
1907-08-01,,,,,1,1
1907-09-01,,,,,1,1
1907-10-01,,,,,1,1
1907-11-01,,,,,1,1
1907-12-01,,,,,1,1
1908-01-01,,,,,1,1
1908-02-01,,,,,1,1
1908-03-01,,,,,1,1
1908-04-01,,,,,1,1
1908-05-01,,,,,1,1
1908-06-01,,,,,1,1
1908-07-01,,,,,1,0
1908-08-01,,,,,0,0
1908-09-01,,,,,0,0
1908-10-01,,,,,0,0
1908-11-01,,,,,0,0
1908-12-01,,,,,0,0
1909-01-01,,,,,0,0
1909-02-01,,,,,0,0
1909-03-01,,,,,0,0
1909-04-01,,,,,0,0
1909-05-01,,,,,0,0
1909-06-01,,,,,0,0
1909-07-01,,,,,0,0
1909-08-01,,,,,0,0
1909-09-01,,,,,0,0
1909-10-01,,,,,0,0
1909-11-01,,,,,0,0
1909-12-01,,,,,0,0
1910-01-01,,,,,0,0
1910-02-01,,,,,0,1
1910-03-01,,,,,1,1
1910-04-01,,,,,1,1
1910-05-01,,,,,1,1
1910-06-01,,,,,1,1
1910-07-01,,,,,1,1
1910-08-01,,,,,1,1
1910-09-01,,,,,1,1
1910-10-01,,,,,1,1
1910-11-01,,,,,1,1
1910-12-01,,,,,1,1
1911-01-01,,,,,1,1
1911-02-01,,,,,1,1
1911-03-01,,,,,1,1
1911-04-01,,,,,1,1
1911-05-01,,,,,1,1
1911-06-01,,,,,1,1
1911-07-01,,,,,1,1
1911-08-01,,,,,1,1
1911-09-01,,,,,1,1
1911-10-01,,,,,1,1
1911-11-01,,,,,1,1
1911-12-01,,,,,1,1
1912-01-01,,,,,1,1
1912-02-01,,,,,1,0
1912-03-01,,,,,0,0
1912-04-01,,,,,0,0
1912-05-01,,,,,0,0
1912-06-01,,,,,0,0
1912-07-01,,,,,0,0
1912-08-01,,,,,0,0
1912-09-01,,,,,0,0
1912-10-01,,,,,0,0
1912-11-01,,,,,0,0
1912-12-01,,,,,0,0
1913-01-01,,,,,0,0
1913-02-01,,,,,0,1
1913-03-01,,,,,1,1
1913-04-01,,,,,1,1
1913-05-01,,,,,1,1
1913-06-01,,,,,1,1
1913-07-01,,,,,1,1
1913-08-01,,,,,1,1
1913-09-01,,,,,1,1
1913-10-01,,,,,1,1
1913-11-01,,,,,1,1
1913-12-01,,,,,1,1
1914-01-01,,,,,1,1
1914-02-01,,,,,1,1
1914-03-01,,,,,1,1
1914-04-01,,,,,1,1
1914-05-01,,,,,1,1
1914-06-01,,,,,1,1
1914-07-01,,,,,1,1
1914-08-01,,,,,1,1
1914-09-01,,,,,1,1
1914-10-01,,,,,1,1
1914-11-01,,,,,1,1
1914-12-01,,,,,1,1
1915-01-01,,,,,1,0
1915-02-01,,,,,0,0
1915-03-01,,,,,0,0
1915-04-01,,,,,0,0
1915-05-01,,,,,0,0
1915-06-01,,,,,0,0
1915-07-01,,,,,0,0
1915-08-01,,,,,0,0
1915-09-01,,,,,0,0
1915-10-01,,,,,0,0
1915-11-01,,,,,0,0
1915-12-01,,,,,0,0
1916-01-01,,,,,0,0
1916-02-01,,,,,0,0
1916-03-01,,,,,0,0
1916-04-01,,,,,0,0
1916-05-01,,,,,0,0
1916-06-01,,,,,0,0
1916-07-01,,,,,0,0
1916-08-01,,,,,0,0
1916-09-01,,,,,0,0
1916-10-01,,,,,0,0
1916-11-01,,,,,0,0
1916-12-01,,,,,0,0
1917-01-01,,,,,0,0
1917-02-01,,,,,0,0
1917-03-01,,,,,0,0
1917-04-01,,,,,0,0
1917-05-01,,,,,0,0
1917-06-01,,,,,0,0
1917-07-01,,,,,0,0
1917-08-01,,,,,0,0
1917-09-01,,,,,0,0
1917-10-01,,,,,0,0
1917-11-01,,,,,0,0
1917-12-01,,,,,0,0
1918-01-01,,,,,0,0
1918-02-01,,,,,0,0
1918-03-01,,,,,0,0
1918-04-01,,,,,0,0
1918-05-01,,,,,0,0
1918-06-01,,,,,0,0
1918-07-01,,,,,0,0
1918-08-01,,,,,0,0
1918-09-01,,,,,0,1
1918-10-01,,,,,1,1
1918-11-01,,,,,1,1
1918-12-01,,,,,1,1
1919-01-01,,5.0124,,,1,1
1919-02-01,,4.7908,,,1,1
1919-03-01,,4.6524,,,1,1
1919-04-01,,4.7355,,,1,0
1919-05-01,,4.7632,,,0,0
1919-06-01,,5.0678,,,0,0
1919-07-01,,5.3724,,,0,0
1919-08-01,,5.4555,,,0,0
1919-09-01,,5.3447,,,0,0
1919-10-01,,5.2893,,,0,0
1919-11-01,,5.2062,,,0,0
1919-12-01,,5.2893,,,0,0
1920-01-01,,5.7878,,,0,0
1920-02-01,,5.7878,,,0,1
1920-03-01,,5.677,,,1,1
1920-04-01,,5.3724,,,1,1
1920-05-01,,5.5109,,,1,1
1920-06-01,,5.5663,,,1,1
1920-07-01,,5.4278,,,1,1
1920-08-01,,5.4555,,,1,1
1920-09-01,,5.2616,,,1,1
1920-10-01,,5.0401,,,1,1
1920-11-01,,4.6247,,,1,1
1920-12-01,,4.3478,,,1,1
1921-01-01,,4.0985,,,1,1
1921-02-01,,4.0155,,,1,1
1921-03-01,,3.9047,,,1,1
1921-04-01,,3.9047,,,1,1
1921-05-01,,4.0155,,,1,1
1921-06-01,,3.9878,,,1,1
1921-07-01,,3.9601,,,1,1
1921-08-01,,4.0985,,,1,0
1921-09-01,,4.1262,,,0,0
1921-10-01,,4.3755,,,0,0
1921-11-01,,4.3201,,,0,0
1921-12-01,,4.2924,,,0,0
1922-01-01,,4.4585,,,0,0
1922-02-01,,4.6524,,,0,0
1922-03-01,,4.9016,,,0,0
1922-04-01,,4.7355,,,0,0
1922-05-01,,4.9847,,,0,0
1922-06-01,,5.2339,,,0,0
1922-07-01,,5.2339,,,0,0
1922-08-01,,5.1232,,,0,0
1922-09-01,,5.4001,,,0,0
1922-10-01,,5.7047,,,0,0
1922-11-01,,5.9539,,,0,0
1922-12-01,,6.1201,,,0,0
1923-01-01,,5.9816,,,0,0
1923-02-01,,6.0647,,,0,0
1923-03-01,,6.2586,,,0,0
1923-04-01,,6.397,,,0,0
1923-05-01,,6.4801,,,0,0
1923-06-01,,6.4247,,,0,1
1923-07-01,,6.3693,,,1,1
1923-08-01,,6.2586,,,1,1
1923-09-01,,6.1201,,,1,1
1923-10-01,,6.0924,,,1,1
1923-11-01,,6.0924,,,1,1
1923-12-01,,5.9539,,,1,1
1924-01-01,,6.0924,,,1,1
1924-02-01,,6.2032,,,1,1
1924-03-01,,6.0924,,,1,1
1924-04-01,,5.8986,,,1,1
1924-05-01,,5.6493,,,1,1
1924-06-01,,5.4001,,,1,1
1924-07-01,,5.317,,,1,1
1924-08-01,,5.5109,,,1,0
1924-09-01,,5.7047,,,0,0
1924-10-01,,5.8432,,,0,0
1924-11-01,,5.954,,,0,0
1924-12-01,,6.1201,,,0,0
1925-01-01,,6.314,,,0,0
1925-02-01,,6.314,,,0,0
1925-03-01,,6.314,,,0,0
1925-04-01,,6.3693,,,0,0
1925-05-01,,6.3416,,,0,0
1925-06-01,,6.2863,,,0,0
1925-07-01,,6.4524,,,0,0
1925-08-01,,6.3416,,,0,0
1925-09-01,,6.2586,,,0,0
1925-10-01,,6.5078,,,0,0
1925-11-01,,6.6463,,,0,0
1925-12-01,,6.7293,,,0,0
1926-01-01,,6.6186,,,0,0
1926-02-01,,6.6186,,,0,0
1926-03-01,,6.7017,,,0,0
1926-04-01,,6.7017,,,0,0
1926-05-01,,6.6463,,,0,0
1926-06-01,,6.7293,,,0,0
1926-07-01,,6.757,,,0,0
1926-08-01,,6.8401,,,0,0
1926-09-01,,6.9509,,,0,0
1926-10-01,,6.9509,,,0,0
1926-11-01,,6.9232,,,0,1
1926-12-01,,6.8955,,,1,1
1927-01-01,,6.8678,,,1,1
1927-02-01,,6.9232,,,1,1
1927-03-01,,7.0063,,,1,1
1927-04-01,,6.8401,,,1,1
1927-05-01,,6.8955,,,1,1
1927-06-01,,6.8678,,,1,1
1927-07-01,,6.7847,,,1,1
1927-08-01,,6.7847,,,1,1
1927-09-01,,6.674,,,1,1
1927-10-01,,6.5355,,,1,1
1927-11-01,,6.5355,,,1,1
1927-12-01,,6.5632,,,1,0
1928-01-01,,6.7017,,,0,0
1928-02-01,,6.757,,,0,0
1928-03-01,,6.8124,,,0,0
1928-04-01,,6.7847,,,0,0
1928-05-01,,6.8678,,,0,0
1928-06-01,,6.9232,,,0,0
1928-07-01,,7.0063,,,0,0
1928-08-01,,7.1447,,,0,0
1928-09-01,,7.2001,,,0,0
1928-10-01,,7.3386,,,0,0
1928-11-01,,7.477,,,0,0
1928-12-01,,7.6155,,,0,0
1929-01-01,,7.7263,,,0,0
1929-02-01,,7.6986,,,0,0
1929-03-01,,7.7263,,,0,0
1929-04-01,,7.8648,,,0,0
1929-05-01,,8.0032,,,0,0
1929-06-01,,8.0586,,,0,0
1929-07-01,,8.1694,,,0,0
1929-08-01,,8.0863,,,0,0
1929-09-01,,8.0309,,,0,1
1929-10-01,,7.8924,,,1,1
1929-11-01,,7.5047,,,1,1
1929-12-01,,7.1724,,,1,1
1930-01-01,,7.1724,,,1,1
1930-02-01,,7.1447,,,1,1
1930-03-01,,7.034,,,1,1
1930-04-01,,6.9786,,,1,1
1930-05-01,,6.8678,,,1,1
1930-06-01,,6.674,,,1,1
1930-07-01,,6.3693,,,1,1
1930-08-01,,6.2309,,,1,1
1930-09-01,,6.1201,,,1,1
1930-10-01,,5.9539,,,1,1
1930-11-01,,5.8155,,,1,1
1930-12-01,,5.677,,,1,1
1931-01-01,,5.6493,,,1,1
1931-02-01,,5.677,,,1,1
1931-03-01,,5.7878,,,1,1
1931-04-01,,5.8155,,,1,1
1931-05-01,,5.7324,,,1,1
1931-06-01,,5.5939,,,1,1
1931-07-01,,5.5109,,,1,1
1931-08-01,,5.317,,,1,1
1931-09-01,,5.0678,,,1,1
1931-10-01,,4.8739,,,1,1
1931-11-01,,4.8185,,,1,1
1931-12-01,,4.7908,,,1,1
1932-01-01,,4.6524,,,1,1
1932-02-01,,4.5416,,,1,1
1932-03-01,,4.4862,,,1,1
1932-04-01,,4.1816,,,1,1
1932-05-01,,4.0431,,,1,1
1932-06-01,,3.9047,,,1,1
1932-07-01,,3.7939,,,1,1
1932-08-01,,3.9047,,,1,1
1932-09-01,,4.1539,,,1,1
1932-10-01,,4.2924,,,1,1
1932-11-01,,4.2924,,,1,1
1932-12-01,,4.2093,,,1,1
1933-01-01,,4.1262,,,1,1
1933-02-01,,4.1539,,,1,1
1933-03-01,,3.9047,,,1,1
1933-04-01,,4.1816,,,1,0
1933-05-01,,4.8739,,,0,0
1933-06-01,,5.6216,,,0,0
1933-07-01,,6.1478,,,0,0
1933-08-01,,5.8986,,,0,0
1933-09-01,,5.5663,,,0,0
1933-10-01,,5.2893,,,0,0
1933-11-01,,4.9847,,,0,0
1933-12-01,,5.0124,,,0,0
1934-01-01,,5.1785,,,0,0
1934-02-01,,5.4278,,,0,0
1934-03-01,,5.677,,,0,0
1934-04-01,,5.677,,,0,0
1934-05-01,,5.7878,,,0,0
1934-06-01,,5.677,,,0,0
1934-07-01,,5.2893,,,0,0
1934-08-01,,5.2339,,,0,0
1934-09-01,,4.9293,,,0,0
1934-10-01,,5.1509,,,0,0
1934-11-01,,5.2062,,,0,0
1934-12-01,,5.5386,,,0,0
1935-01-01,,5.9816,,,0,0
1935-02-01,,6.0924,,,0,0
1935-03-01,,6.0647,,,0,0
1935-04-01,,5.9539,,,0,0
1935-05-01,,5.9539,,,0,0
1935-06-01,,6.037,,,0,0
1935-07-01,,6.037,,,0,0
1935-08-01,,6.2586,,,0,0
1935-09-01,,6.4247,,,0,0
1935-10-01,,6.6186,,,0,0
1935-11-01,,6.757,,,0,0
1935-12-01,,6.8401,,,0,0
1936-01-01,,6.7293,,,0,0
1936-02-01,,6.5632,,,0,0
1936-03-01,,6.6463,,,0,0
1936-04-01,,7.0617,,,0,0
1936-05-01,,7.2001,,,0,0
1936-06-01,,7.3386,,,0,0
1936-07-01,,7.477,,,0,0
1936-08-01,,7.5878,,,0,0
1936-09-01,,7.7263,,,0,0
1936-10-01,,7.8371,,,0,0
1936-11-01,,8.0586,,,0,0
1936-12-01,,8.3078,,,0,0
1937-01-01,,8.2801,,,0,0
1937-02-01,,8.3909,,,0,0
1937-03-01,,8.5848,,,0,0
1937-04-01,,8.5848,,,0,0
1937-05-01,,8.6125,,,0,0
1937-06-01,,8.5017,,,0,1
1937-07-01,,8.5571,,,1,1
1937-08-01,,8.5017,,,1,1
1937-09-01,,8.2248,,,1,1
1937-10-01,,7.6155,,,1,1
1937-11-01,,6.8678,,,1,1
1937-12-01,,6.2586,,,1,1
1938-01-01,,6.1201,,,1,1
1938-02-01,,6.0647,,,1,1
1938-03-01,,6.0647,,,1,1
1938-04-01,,5.9539,,,1,1
1938-05-01,,5.8155,,,1,1
1938-06-01,,5.8709,,,1,1
1938-07-01,,6.2032,,,1,0
1938-08-01,,6.5355,,,0,0
1938-09-01,,6.7293,,,0,0
1938-10-01,,6.8955,,,0,0
1938-11-01,,7.1724,,,0,0
1938-12-01,,7.2555,,,0,0
1939-01-01,,7.2555,,,0,0
1939-02-01,,7.3109,,,0,0
1939-03-01,,7.3386,,,0,0
1939-04-01,,7.3109,,,0,0
1939-05-01,,7.2832,,,0,0
1939-06-01,,7.4494,,,0,0
1939-07-01,,7.6709,,,0,0
1939-08-01,,7.7817,,,0,0
1939-09-01,,8.2525,,,0,0
1939-10-01,,8.6678,,,0,0
1939-11-01,,8.8894,,,0,0
1939-12-01,,8.8894,,,0,0
1940-01-01,,8.7786,,,0,0
1940-02-01,,8.5017,,,0,0
1940-03-01,,8.3078,,,0,0
1940-04-01,,8.474,,,0,0
1940-05-01,,8.7232,,,0,0
1940-06-01,,9.0002,,,0,0
1940-07-01,,9.1109,,,0,0
1940-08-01,,9.1663,,,0,0
1940-09-01,,9.3602,,,0,0
1940-10-01,,9.4986,,,0,0
1940-11-01,,9.7202,,,0,0
1940-12-01,,10.0525,,,0,0
1941-01-01,,10.3017,,,0,0
1941-02-01,,10.6063,,,0,0
1941-03-01,,10.9386,,,0,0
1941-04-01,,10.9663,,,0,0
1941-05-01,,11.4648,,,0,0
1941-06-01,,11.5479,,,0,0
1941-07-01,,11.6864,,,0,0
1941-08-01,,11.8248,,,0,0
1941-09-01,,11.8248,,,0,0
1941-10-01,,11.9356,,,0,0
1941-11-01,,11.991,,,0,0
1941-12-01,,12.1848,,,0,0
1942-01-01,,12.4341,,,0,0
1942-02-01,,12.6556,,,0,0
1942-03-01,,12.7941,,,0,0
1942-04-01,,12.4341,,,0,0
1942-05-01,,12.4617,,,0,0
1942-06-01,,12.4895,,,0,0
1942-07-01,,12.7941,,,0,0
1942-08-01,,13.1818,,,0,0
1942-09-01,,13.4864,,,0,0
1942-10-01,,13.9295,,,0,0
1942-11-01,,14.2618,,,0,0
1942-12-01,,14.5941,,,0,0
1943-01-01,,14.7326,,,0,0
1943-02-01,,15.1203,,,0,0
1943-03-01,,15.231,,,0,0
1943-04-01,,15.4249,,,0,0
1943-05-01,,15.5356,,,0,0
1943-06-01,,15.4526,,,0,0
1943-07-01,,15.9233,,,0,0
1943-08-01,,16.2557,,,0,0
1943-09-01,,16.6711,,,0,0
1943-10-01,,16.9203,,,0,0
1943-11-01,,17.1418,,,0,0
1943-12-01,,16.9203,,,0,0
1944-01-01,,17.1141,,,0,0
1944-02-01,,17.2526,,,0,0
1944-03-01,,17.2249,,,0,0
1944-04-01,,17.2249,,,0,0
1944-05-01,,17.1142,,,0,0
1944-06-01,,17.0588,,,0,0
1944-07-01,,17.0311,,,0,0
1944-08-01,,17.2526,,,0,0
1944-09-01,,17.1418,,,0,0
1944-10-01,,17.1972,,,0,0
1944-11-01,,17.0588,,,0,0
1944-12-01,,17.0034,,,0,0
1945-01-01,,16.8372,,,0,0
1945-02-01,,16.7818,,,0,0
1945-03-01,,16.671,,,0,1
1945-04-01,,16.3664,,,1,1
1945-05-01,,15.9234,,,1,1
1945-06-01,,15.5633,,,1,1
1945-07-01,,15.2034,,,1,1
1945-08-01,,13.6249,,,1,1
1945-09-01,,12.4064,,,1,1
1945-10-01,,11.9079,,,1,1
1945-11-01,,12.351,,,1,0
1945-12-01,,12.4064,,,0,0
1946-01-01,,11.714,,,0,0
1946-02-01,,11.1325,,,0,0
1946-03-01,,12.2956,,,0,0
1946-04-01,,12.0741,,,0,0
1946-05-01,,11.631,,,0,0
1946-06-01,,12.351,,,0,0
1946-07-01,,12.7664,,,0,0
1946-08-01,,13.2371,,,0,0
1946-09-01,,13.4864,,,0,0
1946-10-01,,13.7356,,,0,0
1946-11-01,,13.8187,,,0,0
1946-12-01,,13.9018,,,0,0
1947-01-01,,14.0679,,,0,0
1947-02-01,,14.151,,,0,0
1947-03-01,,14.2341,,,0,0
1947-04-01,,14.1233,,,0,0
1947-05-01,,14.1787,,,0,0
1947-06-01,,14.1787,,,0,0
1947-07-01,,14.0956,,,0,0
1947-08-01,,14.1787,,,0,0
1947-09-01,,14.2895,,,0,0
1947-10-01,,14.4279,,,0,0
1947-11-01,,14.6218,,,0,0
1947-12-01,,14.6772,,,0,0
1948-01-01,,14.7603,,,0,0
1948-02-01,,14.788,,,0,0
1948-03-01,,14.6218,,,0,0
1948-04-01,,14.6495,,,0,0
1948-05-01,,14.8987,,,0,0
1948-06-01,,15.0926,,,0,0
1948-07-01,,15.0926,,,0,0
1948-08-01,,15.0372,,,0,0
1948-09-01,,14.9264,,,0,0
1948-10-01,,15.0372,,,0,0
1948-11-01,,14.8433,,,0,0
1948-12-01,,14.7049,,,0,1
1949-01-01,,14.5664,,,1,1
1949-02-01,,14.428,,,1,1
1949-03-01,,14.151,,,1,1
1949-04-01,,14.0679,,,1,1
1949-05-01,,13.8741,,,1,1
1949-06-01,,13.8464,,,1,1
1949-07-01,,13.8187,,,1,1
1949-08-01,,13.9572,,,1,1
1949-09-01,,14.0956,,,1,1
1949-10-01,,13.5695,,,1,1
1949-11-01,,13.9295,,,1,0
1949-12-01,,14.1787,,,0,0
1950-01-01,,14.4279,,,0,0
1950-02-01,,14.4833,,,0,0
1950-03-01,,14.9541,,,0,0
1950-04-01,,15.4526,,,0,0
1950-05-01,,15.8126,,,0,0
1950-06-01,,16.2834,,,0,0
1950-07-01,,16.8095,,,0,0
1950-08-01,,17.3357,,,0,0
1950-09-01,,17.2249,,,0,0
1950-10-01,,17.3357,,,0,0
1950-11-01,,17.308,,,0,0
1950-12-01,,17.6126,,,0,0
1951-01-01,,17.668,,,0,0
1951-02-01,,17.7788,,,0,0
1951-03-01,,17.8618,,,0,0
1951-04-01,,17.8895,,,0,0
1951-05-01,,17.8342,,,0,0
1951-06-01,,17.7511,,,0,0
1951-07-01,,17.4741,,,0,0
1951-08-01,,17.308,,,0,0
1951-09-01,,17.4188,,,0,0
1951-10-01,,17.3911,,,0,0
1951-11-01,,17.5295,,,0,0
1951-12-01,,17.6403,,,0,0
1952-01-01,,17.8341,,,0,0
1952-02-01,,17.9449,,,0,0
1952-03-01,,18.0003,,,0,0
1952-04-01,,17.8341,,,0,0
1952-05-01,,17.668,,,0,0
1952-06-01,,17.5018,,,0,0
1952-07-01,,17.2249,,,0,0
1952-08-01,,18.3326,,,0,0
1952-09-01,,18.9972,,,0,0
1952-10-01,,19.1911,,,0,0
1952-11-01,,19.5788,,,0,0
1952-12-01,,19.6896,,,0,0
1953-01-01,,19.7449,,,0,0
1953-02-01,,19.8557,,,0,0
1953-03-01,,20.0219,,,0,0
1953-04-01,,20.105,,,0,0
1953-05-01,,20.2157,,,0,0
1953-06-01,,20.1326,,,0,0
1953-07-01,,20.3819,,,0,0
1953-08-01,,20.2711,,,0,1
1953-09-01,,19.8557,,,1,1
1953-10-01,,19.6896,,,1,1
1953-11-01,,19.2188,,,1,1
1953-12-01,,18.748,,,1,1
1954-01-01,,18.6095,,,1,1
1954-02-01,,18.6649,,,1,1
1954-03-01,,18.5542,,,1,1
1954-04-01,,18.4434,,,1,1
1954-05-01,,18.5542,,,1,1
1954-06-01,,18.6096,,,1,0
1954-07-01,,18.6372,,,0,0
1954-08-01,,18.6095,,,0,0
1954-09-01,,18.6372,,,0,0
1954-10-01,,18.8588,,,0,0
1954-11-01,,19.1634,,,0,0
1954-12-01,,19.4126,,,0,0
1955-01-01,,19.8557,,,0,0
1955-02-01,,20.105,,,0,0
1955-03-01,,20.5757,,,0,0
1955-04-01,,20.825,,,0,0
1955-05-01,,21.1573,,,0,0
1955-06-01,,21.185,,,0,0
1955-07-01,,21.3511,,,0,0
1955-08-01,,21.3234,,,0,0
1955-09-01,,21.4619,,,0,0
1955-10-01,,21.8219,,,0,0
1955-11-01,,21.8773,,,0,0
1955-12-01,,21.9604,,,0,0
1956-01-01,,22.0988,,,0,0
1956-02-01,,21.905,,,0,0
1956-03-01,,21.905,,,0,0
1956-04-01,,22.0712,,,0,0
1956-05-01,,21.8773,,,0,0
1956-06-01,,21.6835,,,0,0
1956-07-01,,21.0188,,,0,0
1956-08-01,,21.8773,,,0,0
1956-09-01,,22.3758,,,0,0
1956-10-01,,22.5696,,,0,0
1956-11-01,,22.3758,,,0,0
1956-12-01,,22.7081,,,0,0
1957-01-01,,22.625,,,0,0
1957-02-01,,22.8466,,,0,0
1957-03-01,,22.8189,,,0,0
1957-04-01,,22.5142,,,0,0
1957-05-01,,22.4312,,,0,0
1957-06-01,,22.4866,,,0,0
1957-07-01,,22.625,,,0,0
1957-08-01,,22.625,,,0,0
1957-09-01,,22.4312,,,0,1
1957-10-01,,22.0988,,,1,1
1957-11-01,,21.5727,,,1,1
1957-12-01,,21.1573,,,1,1
1958-01-01,,20.7696,,,1,1
1958-02-01,,20.3265,,,1,1
1958-03-01,,20.0773,,,1,1
1958-04-01,,19.745,,,1,1
1958-05-01,,19.9388,,,1,0
1958-06-01,,20.465,,,0,0
1958-07-01,,20.7696,,,0,0
1958-08-01,,21.185,,,0,0
1958-09-01,,21.3788,,,0,0
1958-10-01,,21.6281,,,0,0
1958-11-01,,22.265,,,0,0
1958-12-01,,22.2927,,,0,0
1959-01-01,,22.625,2288.8,,0,0
1959-02-01,,23.0681,2297,,0,0
1959-03-01,,23.4004,2314,,0,0
1959-04-01,,23.8989,2330.3,,0,0
1959-05-01,,24.2589,2345.8,,0,0
1959-06-01,,24.2866,2352.9,,0,0
1959-07-01,,23.705,2351,,0,0
1959-08-01,,22.9019,2337.6,,0,0
1959-09-01,,22.8743,2337.5,,0,0
1959-10-01,,22.7081,2340.3,,0,0
1959-11-01,,22.8466,2356,,0,0
1959-12-01,,24.2589,2382.9,,0,0
1960-01-01,,24.8958,2394,,0,0
1960-02-01,,24.6743,2396.2,,0,0
1960-03-01,,24.4528,2398.4,,0,0
1960-04-01,,24.2589,2407.1,,0,0
1960-05-01,,24.2312,2413,,0,1
1960-06-01,,23.9266,2412.4,,1,1
1960-07-01,,23.8435,2417,,1,1
1960-08-01,,23.8158,2410.8,,1,1
1960-09-01,,23.5666,2411.5,,1,1
1960-10-01,,23.5389,2419.1,,1,1
1960-11-01,,23.2066,2405.2,,1,1
1960-12-01,,22.7635,2391.1,,1,1
1961-01-01,,22.7912,2412,,1,1
1961-02-01,,22.7635,2412.2,,1,1
1961-03-01,,22.902,2424.1,,1,0
1961-04-01,,23.3727,2432.4,,0,0
1961-05-01,,23.7327,2446.9,,0,0
1961-06-01,,24.065,2466.6,,0,0
1961-07-01,,24.342,2472.5,,0,0
1961-08-01,,24.5635,2483,,0,0
1961-09-01,,24.5358,2487.9,,0,0
1961-10-01,,25.0066,2514.5,,0,0
1961-11-01,,25.3943,2537.6,,0,0
1961-12-01,,25.6158,2551.5,,0,0
1962-01-01,,25.3943,2548,,0,0
1962-02-01,,25.8097,2560.3,,0,0
1962-03-01,,25.9482,2577.3,,0,0
1962-04-01,,26.0035,2593.5,,0,0
1962-05-01,,25.9758,2597.1,,0,0
1962-06-01,,25.9205,2600.4,,0,0
1962-07-01,,26.1697,2612.7,,0,0
1962-08-01,,26.1974,2615.7,,0,0
1962-09-01,,26.3635,2618.8,,0,0
1962-10-01,,26.3912,2627.5,,0,0
1962-11-01,,26.502,2640,,0,0
1962-12-01,,26.502,2653.9,,0,0
1963-01-01,,26.6958,2647.6,,0,0
1963-02-01,,27.0005,2654.5,,0,0
1963-03-01,,27.1666,2666.4,,0,0
1963-04-01,,27.4159,2673.9,,0,0
1963-05-01,,27.7482,2685.3,,0,0
1963-06-01,,27.8313,2699.1,,0,0
1963-07-01,,27.7205,2700.7,,0,0
1963-08-01,,27.7759,2710.4,,0,0
1963-09-01,,28.0528,2729.3,,0,0
1963-10-01,,28.2466,2744.3,,0,0
1963-11-01,,28.3851,2750.9,,0,0
1963-12-01,,28.3297,2770.5,,0,0
1964-01-01,,28.579,2770.2,,0,0
1964-02-01,,28.7728,2795.1,,0,0
1964-03-01,,28.7728,2809.3,,0,0
1964-04-01,,29.2436,2826.5,,0,0
1964-05-01,,29.4098,2844.4,,0,0
1964-06-01,,29.4928,2855.4,,0,0
1964-07-01,,29.6867,2870.9,,0,0
1964-08-01,,29.8805,2888.3,,0,0
1964-09-01,,29.9913,2900.5,,0,0
1964-10-01,,29.5759,2902.4,,0,0
1964-11-01,,30.4898,2923.8,,0,0
1964-12-01,,30.8498,2951.9,,0,0
1965-01-01,,31.1821,2957.2,,0,0
1965-02-01,,31.376,2973.4,,0,0
1965-03-01,,31.7913,2988,,0,0
1965-04-01,,31.9298,2999,,0,0
1965-05-01,,32.179,3018.3,,0,0
1965-06-01,,32.4283,3027.2,,0,0
1965-07-01,,32.7329,3047.7,,0,0
1965-08-01,,32.8713,3063.9,,0,0
1965-09-01,,32.9544,3083.8,,0,0
1965-10-01,,33.2868,3118.3,,0,0
1965-11-01,,33.4252,3140.3,,0,0
1965-12-01,,33.8406,3157.2,,0,0
1966-01-01,,34.1729,3163.9,,0,0
1966-02-01,,34.3945,3180.1,,0,0
1966-03-01,,34.8652,3197.6,,0,0
1966-04-01,,34.9206,3196.4,,0,0
1966-05-01,,35.2529,3207.2,,0,0
1966-06-01,,35.4191,3225.9,,0,0
1966-07-01,,35.6129,3240.3,,0,0
1966-08-01,,35.6406,3249.3,,0,0
1966-09-01,,35.9729,3258,,0,0
1966-10-01,,36.2221,3272.3,,0,0
1966-11-01,,35.9729,3285.4,,0,0
1966-12-01,,36.056,3281.2,,0,0
1967-01-01,,36.2261,3309.8,384920.447,0,0
1967-02-01,,35.8152,3309.1,383442.986,0,0
1967-03-01,,35.6133,3321.9,386220.206,0,0
1967-04-01,,35.9492,3323,385967.616,0,0
1967-05-01,,35.6356,3328,385651.562,0,0
1967-06-01,,35.6311,3341,388516.363,0,0
1967-07-01,,35.55,3356.3,386005.695,0,0
1967-08-01,,36.2311,3370.8,391190.771,0,0
1967-09-01,,36.1723,3375.5,392571.765,0,0
1967-10-01,,36.4669,3376.6,389847.855,0,0
1967-11-01,,36.9884,3397.9,400348.743,0,0
1967-12-01,,37.3868,3407.1,409250.318,0,0
1968-01-01,,37.3465,3423.9,405145.414,0,0
1968-02-01,,37.4804,3451.9,403868.502,0,0
1968-03-01,,37.5974,3468.8,406874.196,0,0
1968-04-01,,37.6518,3479.3,406066.923,0,0
1968-05-01,,38.0741,3500.7,408912.685,0,0
1968-06-01,,38.214,3517.7,411804.142,0,0
1968-07-01,,38.1554,3539.1,415733.884,0,0
1968-08-01,,38.2619,3552.4,408646.133,0,0
1968-09-01,,38.4068,3570.9,414365.582,0,0
1968-10-01,,38.483,3576.1,419977.141,0,0
1968-11-01,,38.9808,3592.5,423598.443,0,0
1968-12-01,,39.1039,3607,419669.971,0,0
1969-01-01,,39.3405,3608,419680.126,0,0
1969-02-01,,39.5922,3622.9,420333.813,0,0
1969-03-01,,39.9027,3640.8,421879.816,0,0
1969-04-01,,39.7559,3649.9,423703.795,0,0
1969-05-01,,39.6056,3664.6,423411.857,0,0
1969-06-01,,39.9925,3678.8,423169.421,0,0
1969-07-01,,40.2037,3698.9,423288.735,0,0
1969-08-01,,40.2961,3722,427881.049,0,0
1969-09-01,,40.287,3732,429946.194,0,0
1969-10-01,,40.2988,3737.5,434919.297,0,0
1969-11-01,,39.9189,3741.5,428897.755,0,0
1969-12-01,,39.8118,3748.1,428106.984,0,0
1970-01-01,,39.0746,3754.4,422711.205,0,1
1970-02-01,,39.0488,3761,423086.917,1,1
1970-03-01,,38.9981,3775.2,418143.008,1,1
1970-04-01,,38.8979,3752.9,416029.63,1,1
1970-05-01,,38.8525,3760.9,420548.324,1,1
1970-06-01,,38.7269,3773.1,422232.681,1,1
1970-07-01,,38.8219,3793,422683.281,1,1
1970-08-01,,38.7527,3800.4,422487.809,1,1
1970-09-01,,38.4856,3789.9,421754.156,1,1
1970-10-01,,37.7157,3768.4,417366.199,1,1
1970-11-01,,37.4873,3766.9,410360.952,1,1
1970-12-01,,38.3482,3776.5,423383.932,1,0
1971-01-01,,38.6432,3813,427531.993,0,0
1971-02-01,,38.5695,3816.9,429919.539,0,0
1971-03-01,,38.5278,3827.4,431702.9,0,0
1971-04-01,,38.7441,3838,434051.098,0,0
1971-05-01,,38.9407,3853.7,436170.823,0,0
1971-06-01,,39.104,3855.4,442160.632,0,0
1971-07-01,,38.9905,3860.3,437068.216,0,0
1971-08-01,,38.7642,3874.9,439814.973,0,0
1971-09-01,,39.3942,3891.9,443775.177,0,0
1971-10-01,,39.6891,3907.7,444082.347,0,0
1971-11-01,,39.8576,3923.9,451590.235,0,0
1971-12-01,,40.3177,3947.8,455806.837,0,0
1972-01-01,,41.2876,3970.2,460625.086,0,0
1972-02-01,,41.6865,3992.5,455653.252,0,0
1972-03-01,,41.9746,4018.6,464095.342,0,0
1972-04-01,,42.4183,4031.6,467248.274,0,0
1972-05-01,,42.3963,4048.4,470125.768,0,0
1972-06-01,,42.5166,4060.7,472176.951,0,0
1972-07-01,,42.498,4087.1,469244.877,0,0
1972-08-01,,43.0629,4128,480493.38,0,0
1972-09-01,,43.3918,4147.7,488756.499,0,0
1972-10-01,,43.9718,4218.1,495502.809,0,0
1972-11-01,,44.4919,4249.3,504981.914,0,0
1972-12-01,,45.0015,4274.5,511716.8,0,0
1973-01-01,,45.2942,4251.7,518234.636,0,0
1973-02-01,,45.9656,4267.9,519044.447,0,0
1973-03-01,,45.9872,4269.8,516971.687,0,0
1973-04-01,,45.9237,4282.7,514832.922,0,0
1973-05-01,,46.2192,4298.4,513182.837,0,0
1973-06-01,,46.2509,4314.8,512158.515,0,0
1973-07-01,,46.4421,4331.7,519138.375,0,0
1973-08-01,,46.3648,4314.4,508410.283,0,0
1973-09-01,,46.7803,4341.3,511919.887,0,0
1973-10-01,,47.0954,4381.5,525050.757,0,0
1973-11-01,,47.3445,4391.6,533543.619,0,0
1973-12-01,,47.2315,4381.3,526402.558,0,1
1974-01-01,,46.8994,4329.4,526877.275,1,1
1974-02-01,,46.7538,4301.4,524291.718,1,1
1974-03-01,,46.7685,4271.7,526064.925,1,1
1974-04-01,,46.6069,4250.6,522230.381,1,1
1974-05-01,,46.9743,4253.4,524529.077,1,1
1974-06-01,,46.9233,4251.6,522698.751,1,1
1974-07-01,,46.9464,4254.9,521503.074,1,1
1974-08-01,,46.4907,4248.8,516444.929,1,1
1974-09-01,,46.5136,4243.6,512069.664,1,1
1974-10-01,,46.3401,4252.8,503301.365,1,1
1974-11-01,,44.8209,4219.5,497915.741,1,1
1974-12-01,,43.234,4203.9,483320.103,1,1
1975-01-01,,42.6409,4190.9,482106.656,1,1
1975-02-01,,41.6602,4171.6,478990.534,1,1
1975-03-01,,41.2135,4171.5,464603.06,1,1
1975-04-01,,41.246,4166.6,469257.57,1,0
1975-05-01,,41.1515,4188.7,469149.679,0,0
1975-06-01,,41.4224,4197.3,473367.551,0,0
1975-07-01,,41.8234,4195.6,475718.288,0,0
1975-08-01,,42.2573,4231,481299.384,0,0
1975-09-01,,42.7796,4243.1,482451.905,0,0
1975-10-01,,42.9687,4261.4,483040.858,0,0
1975-11-01,,43.0614,4270.7,482332.591,0,0
1975-12-01,,43.5973,4272.5,487441.508,0,0
1976-01-01,,44.2288,4296,499509.977,0,0
1976-02-01,,44.6725,4324.2,501703.321,0,0
1976-03-01,,44.7125,4341.5,505495.979,0,0
1976-04-01,,44.9643,4364.8,507913.988,0,0
1976-05-01,,45.1741,4378.3,507352.959,0,0
1976-06-01,,45.183,4381.4,513589.012,0,0
1976-07-01,,45.4535,4396.4,513946.953,0,0
1976-08-01,,45.7737,4413.4,515722.699,0,0
1976-09-01,,45.9031,4420.5,517215.391,0,0
1976-10-01,,45.9207,4424.2,511112.615,0,0
1976-11-01,,46.5978,4460.7,519610.554,0,0
1976-12-01,,47.0854,4475.7,533071.441,0,0
1977-01-01,,46.8276,4458.8,529594.838,0,0
1977-02-01,,47.5417,4474.9,536795.556,0,0
1977-03-01,,48.131,4495.9,543289.276,0,0
1977-04-01,,48.5838,4518.4,542631.78,0,0
1977-05-01,,48.9891,4542.1,542974.49,0,0
1977-06-01,,49.3428,4556.5,547872.705,0,0
1977-07-01,,49.412,4573.8,549364.128,0,0
1977-08-01,,49.4259,4586.6,550271.675,0,0
1977-09-01,,49.6639,4623.4,552292.394,0,0
1977-10-01,,49.7592,4676.2,556429.031,0,0
1977-11-01,,49.8117,4705.4,558971.432,0,0
1977-12-01,,49.8949,4730.7,566379.045,0,0
1978-01-01,,49.2066,4712.6,549039.188,0,0
1978-02-01,,49.4502,4737.4,561630.607,0,0
1978-03-01,,50.3928,4766.9,567270.091,0,0
1978-04-01,,51.4368,4805.1,584456.362,0,0
1978-05-01,,51.6276,4807,583900.411,0,0
1978-06-01,,51.9833,4835,587137.116,0,0
1978-07-01,,51.9592,4845.7,582299.828,0,0
1978-08-01,,52.1543,4867.8,589894.028,0,0
1978-09-01,,52.286,4880.7,588547.304,0,0
1978-10-01,,52.7054,4902,593798.383,0,0
1978-11-01,,53.1047,4908.3,596371.247,0,0
1978-12-01,,53.3886,4939.9,599563.527,0,0
1979-01-01,,53.0453,4952.2,593005.073,0,0
1979-02-01,,53.3303,4980.5,590202.467,0,0
1979-03-01,,53.4973,4995.5,607282.118,0,0
1979-04-01,,52.8938,4946.8,590898.041,0,0
1979-05-01,,53.3187,4932.3,603979.409,0,0
1979-06-01,,53.3157,4940.1,597813.167,0,0
1979-07-01,,53.2433,4945.5,597056.667,0,0
1979-08-01,,52.8899,4953.8,598093.682,0,0
1979-09-01,,52.9486,4957.1,594717.354,0,0
1979-10-01,,53.239,4955.6,592940.339,0,0
1979-11-01,,53.1918,4970.6,593165.004,0,0
1979-12-01,,53.2603,4982.2,591432.415,0,0
1980-01-01,,53.5037,4975.7,596439.789,0,0
1980-02-01,,53.5053,4955.9,590829.499,0,1
1980-03-01,,53.3294,4938.7,577376.228,1,1
1980-04-01,,52.2336,4928.8,565015.82,1,1
1980-05-01,,50.9638,4908.2,557782.101,1,1
1980-06-01,,50.3348,4916.5,556176.441,1,1
1980-07-01,,49.9462,4900.4,563194.38,1,1
1980-08-01,,50.1256,4918.2,567253.59,1,0
1980-09-01,,50.9386,4935.3,579201.476,0,0
1980-10-01,,51.5813,4992.9,591297.869,0,0
1980-11-01,,52.4717,5017.2,591691.351,0,0
1980-12-01,,52.7685,5038.3,593152.311,0,0
1981-01-01,,52.4668,5025.2,596763.459,0,0
1981-02-01,,52.226,5011.1,594303.563,0,0
1981-03-01,,52.5025,5026.1,588163.977,0,0
1981-04-01,,52.2691,5022.6,588492.725,0,0
1981-05-01,,52.5803,5039.1,584330.702,0,0
1981-06-01,,52.8284,5071.2,582788.507,0,0
1981-07-01,,53.1751,5125,584128.884,0,0
1981-08-01,,53.1679,5150.8,581789.571,0,1
1981-09-01,,52.8514,5146.4,577787.48,1,1
1981-10-01,,52.4949,5129.2,569935.613,1,1
1981-11-01,,51.894,5132.7,565529.885,1,1
1981-12-01,,51.3274,5130,558208.584,1,1
1982-01-01,,50.3043,5119.7,555271.433,1,1
1982-02-01,,51.3016,5138.5,564134.929,1,1
1982-03-01,,50.9104,5134.1,564585.529,1,1
1982-04-01,,50.4627,5163.4,565222.716,1,1
1982-05-01,,50.138,5164.6,568131.943,1,1
1982-06-01,,49.9692,5142.6,560076.989,1,1
1982-07-01,,49.8138,5123.2,557917.916,1,1
1982-08-01,,49.3773,5133.3,552802.652,1,1
1982-09-01,,49.226,5122.2,553870.13,1,1
1982-10-01,,48.7874,5111.6,548169.72,1,1
1982-11-01,,48.592,5114.7,549662.413,1,1
1982-12-01,,48.2424,5143.9,548151.95,1,0
1983-01-01,,49.1762,5148.7,558612.221,0,0
1983-02-01,,48.8688,5148.1,556258.945,0,0
1983-03-01,,49.2654,5168,565588.273,0,0
1983-04-01,,49.8675,5176.1,565536.232,0,0
1983-05-01,,50.2084,5199.9,574324.839,0,0
1983-06-01,,50.5089,5214.4,589080.409,0,0
1983-07-01,,51.2733,5245.2,588766.893,0,0
1983-08-01,,51.8454,5239.5,587804.766,0,0
1983-09-01,,52.6303,5285.6,596800.269,0,0
1983-10-01,,53.0679,5347.4,603339.683,0,0
1983-11-01,,53.2534,5382.1,609531.311,0,0
1983-12-01,,53.5343,5432.5,620820.432,0,0
1984-01-01,,54.6008,5455,624832.677,0,0
1984-02-01,,54.835,5495.6,624496.314,0,0
1984-03-01,,55.1052,5531.6,625030.688,0,0
1984-04-01,,55.4514,5570.5,628493.328,0,0
1984-05-01,,55.7141,5586.5,633458.815,0,0
1984-06-01,,55.9085,5633.3,639093.221,0,0
1984-07-01,,56.0842,5649.9,635680.084,0,0
1984-08-01,,56.1376,5688.3,635520.152,0,0
1984-09-01,,56.0382,5740.7,634736.996,0,0
1984-10-01,,55.9459,5716.4,637399.98,0,0
1984-11-01,,56.1667,5748,643058.503,0,0
1984-12-01,,56.2296,5775.3,643827.697,0,0
1985-01-01,,56.1398,5769.2,642219.498,0,0
1985-02-01,,56.3323,5773.3,644406.496,0,0
1985-03-01,,56.4232,5799.6,650047.248,0,0
1985-04-01,,56.2693,5787.3,649380.868,0,0
1985-05-01,,56.3488,5802.1,656903.987,0,0
1985-06-01,,56.3901,5826,646038.811,0,0
1985-07-01,,56.0234,5823.8,647278.913,0,0
1985-08-01,,56.2555,5833.7,659042.751,0,0
1985-09-01,,56.4983,5860.1,660810.881,0,0
1985-10-01,,56.2648,5890.3,654718.259,0,0
1985-11-01,,56.4549,5899.1,659509.852,0,0
1985-12-01,,57.0458,5938.8,655986.286,0,0
1986-01-01,,57.3104,5920.4,665846.179,0,0
1986-02-01,,56.9344,5951,662058.599,0,0
1986-03-01,,56.542,6007.1,662704.671,0,0
1986-04-01,,56.5599,6027,676048.783,0,0
1986-05-01,,56.6823,6031.8,669565.217,0,0
1986-06-01,,56.4976,6034.3,673860.516,0,0
1986-07-01,,56.814,6055.9,677842.299,0,0
1986-08-01,,56.7381,6081.4,678805.694,0,0
1986-09-01,,56.8532,6089.6,694909.256,0,0
1986-10-01,,57.1191,6093.1,685095.058,0,0
1986-11-01,,57.3792,6108.7,682995.641,0,0
1986-12-01,,57.8623,6134.6,697294.264,0,0
1987-01-01,,57.685,6127.8,675280.859,0,0
1987-02-01,,58.4399,6150.3,699638.654,0,0
1987-03-01,,58.516,6169.9,700310.112,0,0
1987-04-01,,58.8851,6168.2,698299.547,0,0
1987-05-01,,59.2653,6201.9,697134.333,0,0
1987-06-01,,59.5409,6206.5,700613.474,0,0
1987-07-01,,59.9536,6229.5,706689.595,0,0
1987-08-01,,60.4517,6269.6,703573.473,0,0
1987-09-01,,60.6069,6276.7,711327.604,0,0
1987-10-01,,61.491,6320.4,710507.639,0,0
1987-11-01,,61.8137,6355,708538.96,0,0
1987-12-01,,62.119,6430.7,714542.731,0,0
1988-01-01,,62.1469,6400,712911.686,0,0
1988-02-01,,62.4169,6429.5,720969.179,0,0
1988-03-01,,62.5418,6433.9,732517.236,0,0
1988-04-01,,62.8959,6460.7,728588.764,0,0
1988-05-01,,62.8223,6466.9,730876.036,0,0
1988-06-01,,62.9823,6492,738041.214,0,0
1988-07-01,,63.0093,6524.3,735048.213,0,0
1988-08-01,,63.2723,6540.8,735473.427,0,0
1988-09-01,,63.099,6555.7,738382.654,0,0
1988-10-01,,63.4122,6595.7,744114.796,0,0
1988-11-01,,63.5128,6595,746987.214,0,0
1988-12-01,,63.8233,6631.8,756723.986,0,0
1989-01-01,,64.0153,6677.7,757588.377,0,0
1989-02-01,,63.7242,6698.2,749308.757,0,0
1989-03-01,,63.8691,6726.1,744848.45,0,0
1989-04-01,,63.9124,6706,751641.723,0,0
1989-05-01,,63.4884,6675.6,748290.781,0,0
1989-06-01,,63.5187,6692.2,745983.201,0,0
1989-07-01,,62.9354,6715.6,738331.883,0,0
1989-08-01,,63.5168,6726.5,757074.312,0,0
1989-09-01,,63.2954,6742.7,751769.922,0,0
1989-10-01,,63.2542,6775.8,744512.086,0,0
1989-11-01,,63.4616,6777.5,751170.815,0,0
1989-12-01,,63.8467,6787.1,753653.558,0,0
1990-01-01,,63.4228,6785.4,747766.562,0,0
1990-02-01,,64.0446,6808.7,758876.712,0,0
1990-03-01,,64.358,6813.7,763298.941,0,0
1990-04-01,,64.2602,6856.1,754502.717,0,0
1990-05-01,,64.3973,6845.9,760633.418,0,0
1990-06-01,,64.6041,6853.1,762599.558,0,0
1990-07-01,,64.5205,6878.6,758513.694,0,0
1990-08-01,,64.7326,6832.3,766143.434,0,1
1990-09-01,,64.8145,6821,752056.783,1,1
1990-10-01,,64.3274,6752,748831.502,1,1
1990-11-01,,63.5753,6748.3,739979.429,1,1
1990-12-01,,63.1594,6775,732277.339,1,1
1991-01-01,,62.8852,6707.9,727451.475,1,1
1991-02-01,,62.4462,6705.8,731756.928,1,1
1991-03-01,,62.119,6708.7,727526.363,1,1
1991-04-01,,62.2415,6724.1,741861.796,1,0
1991-05-01,,62.8646,6722,747946.802,0,0
1991-06-01,,63.4372,6759.8,744597.129,0,0
1991-07-01,,63.5128,6743.5,754316.131,0,0
1991-08-01,,63.5671,6753.4,751137.813,0,0
1991-09-01,,64.133,6771.9,754350.402,0,0
1991-10-01,,64.0213,6758.3,755111.98,0,0
1991-11-01,,63.948,6775.3,752667.315,0,0
1991-12-01,,63.6937,6821,743085.397,0,0
1992-01-01,,63.3374,6840.9,757479.217,0,0
1992-02-01,,63.7911,6879.1,759384.431,0,0
1992-03-01,,64.3212,6884.7,762440.896,0,0
1992-04-01,,64.8088,6903.6,767521.889,0,0
1992-05-01,,65.0202,6941.7,760844.122,0,0
1992-06-01,,65.0295,6972.6,768864.805,0,0
1992-07-01,,65.6172,6963.2,779161.336,0,0
1992-08-01,,65.2943,6989.8,766766.658,0,0
1992-09-01,,65.446,6955.2,777427.478,0,0
1992-10-01,,65.9369,6915,780574.063,0,0
1992-11-01,,66.2174,6946,781904.286,0,0
1992-12-01,,66.2772,7230.3,794075.568,0,0
1993-01-01,,66.5643,6980.6,796064.555,0,0
1993-02-01,,66.8594,7019.8,795044.041,0,0
1993-03-01,,66.7658,6992.7,790017.628,0,0
1993-04-01,,67,7058,794099.684,0,0
1993-05-01,,66.7674,7061.1,795357.557,0,0
1993-06-01,,66.8781,7042.5,802710.59,0,0
1993-07-01,,67.0845,7062.1,798826.544,0,0
1993-08-01,,67.014,7074.3,802920.024,0,0
1993-09-01,,67.3345,7054.7,810069.97,0,0
1993-10-01,,67.8515,7026.6,813530.072,0,0
1993-11-01,,68.1326,7047.6,817703.518,0,0
1993-12-01,,68.5054,7322.2,820289.075,0,0
1994-01-01,,68.7648,7145.6,821223.277,0,0
1994-02-01,,68.7836,7154.5,828734.972,0,0
1994-03-01,,69.4766,7177.1,842533.492,0,0
1994-04-01,,69.8703,7251.5,838096.032,0,0
1994-05-01,,70.2281,7272.4,840124.368,0,0
1994-06-01,,70.6763,7262.6,847836.612,0,0
1994-07-01,,70.7846,7280.3,844120.113,0,0
1994-08-01,,71.2053,7289,864053.142,0,0
1994-09-01,,71.4767,7323.6,860312.525,0,0
1994-10-01,,72.082,7382.6,866878.595,0,0
1994-11-01,,72.5263,7378.8,874515.951,0,0
1994-12-01,,73.2879,7409.5,881083.29,0,0
1995-01-01,,73.4219,7430.4,884976.222,0,0
1995-02-01,,73.3025,7446.1,879996.772,0,0
1995-03-01,,73.4081,7463.4,879685.795,0,0
1995-04-01,,73.3612,7475.9,873103.224,0,0
1995-05-01,,73.6104,7476,879532.21,0,0
1995-06-01,,73.8602,7510,888009.84,0,0
1995-07-01,,73.5664,7534.8,877511.49,0,0
1995-08-01,,74.495,7549.3,895287.985,0,0
1995-09-01,,74.7937,7584.8,894193.851,0,0
1995-10-01,,74.7017,7608.2,894660.952,0,0
1995-11-01,,74.8897,7641.1,901984.792,0,0
1995-12-01,,75.1755,7649.9,906259.782,0,0
1996-01-01,,74.6841,7658.2,897213.507,0,0
1996-02-01,,75.8344,7724.7,905320.503,0,0
1996-03-01,,75.7631,7747.4,905771.103,0,0
1996-04-01,,76.4562,7761.3,913875.56,0,0
1996-05-01,,77.0161,7801,920828.765,0,0
1996-06-01,,77.6669,7859.1,916487.771,0,0
1996-07-01,,77.5662,7850.9,923725.299,0,0
1996-08-01,,78.016,7884.7,926896.001,0,0
1996-09-01,,78.5532,7915.4,929730.34,0,0
1996-10-01,,78.5065,7921.9,937008.485,0,0
1996-11-01,,79.1996,7951,943940.112,0,0
1996-12-01,,79.7143,7986,937141.761,0,0
1997-01-01,,79.8273,8020.2,949228,0,0
1997-02-01,,80.793,8058,968611,0,0
1997-03-01,,81.334,8096.5,969052,0,0
1997-04-01,,81.3531,8109.6,972290,0,0
1997-05-01,,81.8293,8153.8,972051,0,0
1997-06-01,,82.2285,8185.7,985137,0,0
1997-07-01,,82.8557,8226.6,995114,0,0
1997-08-01,,83.7214,8279.6,992294,0,0
1997-09-01,,84.4651,8307.6,1000316,0,0
1997-10-01,,85.1918,8358.4,997419,0,0
1997-11-01,,85.9397,8424.8,1008029,0,0
1997-12-01,,86.2047,8476.6,1005490,0,0
1998-01-01,,86.6474,8559.1,1007443,0,0
1998-02-01,,86.7612,8621.9,1021587,0,0
1998-03-01,,86.8198,8676.9,1026646,0,0
1998-04-01,,87.1411,8714.5,1028038,0,0
1998-05-01,,87.6952,8761.6,1031549,0,0
1998-06-01,,87.145,8815.2,1027423,0,0
1998-07-01,,86.8423,8838.7,1021420,0,0
1998-08-01,,88.6247,8877.3,1032563,0,0
1998-09-01,,88.4515,8907.4,1042402,0,0
1998-10-01,,89.1677,8926.9,1051242,0,0
1998-11-01,,89.1098,8970.2,1055755,0,0
1998-12-01,,89.4407,8990,1063885,0,0
1999-01-01,,89.8594,9001,1062461,0,0
1999-02-01,,90.3386,9041.5,1078887,0,0
1999-03-01,,90.4819,9047.7,1077299,0,0
1999-04-01,,90.7274,9042.6,1075505,0,0
1999-05-01,,91.352,9064.3,1091280,0,0
1999-06-01,,91.1994,9097.2,1092393,0,0
1999-07-01,,91.7766,9116,1093813,0,0
1999-08-01,,92.1629,9158.7,1102448,0,0
1999-09-01,,91.774,9159.9,1100449,0,0
1999-10-01,,92.9979,9227.5,1110118,0,0
1999-11-01,,93.4371,9307.5,1115856,0,0
1999-12-01,,94.1593,9393.4,1120689,0,0
2000-01-01,,94.1758,9496.2,1129614,0,0
2000-02-01,,94.4557,9538.8,1109286,0,0
2000-03-01,,94.798,9568.9,1122401,0,0
2000-04-01,,95.4808,9611.6,1131729,0,0
2000-05-01,,95.6435,9617.4,1125723,0,0
2000-06-01,,95.7353,9660.2,1133165,0,0
2000-07-01,,95.5906,9713.3,1126024,0,0
2000-08-01,,95.3112,9757.3,1126415,0,0
2000-09-01,,95.679,9756.8,1138568,0,0
2000-10-01,,95.397,9770.2,1129879,0,0
2000-11-01,,95.4229,9774.4,1121653,0,0
2000-12-01,,95.1573,9775.1,1130446,0,0
2001-01-01,,94.5448,9830,1121377,0,0
2001-02-01,,93.9398,9855.7,1126325,0,0
2001-03-01,,93.7201,9884.5,1112824,0,0
2001-04-01,,93.4469,9838.3,1104047,0,1
2001-05-01,,92.876,9801.1,1113592,1,1
2001-06-01,,92.3208,9784.6,1098414,1,1
2001-07-01,,91.7933,9781.4,1102604,1,1
2001-08-01,,91.6795,9779.6,1111714,1,1
2001-09-01,,91.3289,9779.3,1088342,1,1
2001-10-01,,90.9315,9745,1120677,1,1
2001-11-01,,90.486,9749,1115228,1,1
2001-12-01,,90.5073,9754.4,1117422,1,0
2002-01-01,,91.0794,9749,1116339,0,0
2002-02-01,,91.0553,9743.4,1120400,0,0
2002-03-01,,91.798,9735.2,1114874,0,0
2002-04-01,109145.159,92.1771,9733.6,1127695,0,0
2002-05-01,109007.417,92.5668,9753.4,1130035,0,0
2002-06-01,108966.754,93.4476,9775.8,1133716,0,0
2002-07-01,108946.18,93.2237,9734.6,1130556,0,0
2002-08-01,108958.173,93.2359,9724.3,1141413,0,0
2002-09-01,108807.877,93.3654,9719.8,1131631,0,0
2002-10-01,108854.99,93.0834,9739.8,1126414,0,0
2002-11-01,108843.923,93.5693,9763.7,1138482,0,0
2002-12-01,108764.923,93.1103,9784.6,1129645,0,0
2003-01-01,108652.03,93.8198,9759.8,1136287,0,0
2003-02-01,108678.36,93.9532,9730.9,1123727,0,0
2003-03-01,108636,93.7358,9747.8,1133971,0,0
2003-04-01,108627.855,93.0657,9787.7,1130689,0,0
2003-05-01,108552.373,93.0918,9862.5,1140606,0,0
2003-06-01,108527.36,93.2476,9896.6,1151283,0,0
2003-07-01,108554.876,93.6582,9903.5,1160035,0,0
2003-08-01,108489.375,93.5246,9915.2,1159559,0,0
2003-09-01,108558.136,94.0751,9925.2,1164276,0,0
2003-10-01,108731.932,94.2079,9979.2,1167027,0,0
2003-11-01,108979.019,94.9338,10052.1,1171540,0,0
2003-12-01,109146.05,94.8662,10049.4,1168227,0,0
2004-01-01,109213.566,95.1085,10013.3,1162401,0,0
2004-02-01,109380.003,95.6847,10014.9,1171414,0,0
2004-03-01,109568,95.2088,10052.7,1198917,0,0
2004-04-01,109737.959,95.6385,10095.1,1186144,0,0
2004-05-01,109792.137,96.3966,10162.2,1189447,0,0
2004-06-01,109960.714,95.6019,10177.7,1188341,0,0
2004-07-01,110040.658,96.3385,10227.3,1190096,0,0
2004-08-01,110227.618,96.4095,10252.5,1200430,0,0
2004-09-01,110397.165,96.4907,10269.7,1205353,0,0
2004-10-01,110532.779,97.4094,10281.7,1207904,0,0
2004-11-01,110710.354,97.6137,10256.8,1210114,0,0
2004-12-01,110964.193,98.3318,10648.4,1228978,0,0
2005-01-01,111122.652,98.7845,10305.6,1233423,0,0
2005-02-01,111268.106,99.4639,10302.8,1233818,0,0
2005-03-01,111432,99.3061,10341.9,1225402,0,0
2005-04-01,111731.768,99.4734,10372.5,1243914,0,0
2005-05-01,111974.578,99.6033,10427.1,1241537,0,0
2005-06-01,112247.533,99.9853,10459.9,1253294,0,0
2005-07-01,112528.656,99.6692,10483,1252470,0,0
2005-08-01,112718.922,99.9435,10478.9,1255554,0,0
2005-09-01,112684.335,98.0779,10451.2,1249496,0,0
2005-10-01,112818.082,99.3149,10548.7,1249349,0,0
2005-11-01,113071.372,100.3216,10644.5,1266510,0,0
2005-12-01,113295.973,100.9437,10714.6,1273797,0,0
2006-01-01,113591.908,101.0627,10813.3,1280490,0,0
2006-02-01,113951.563,101.0669,10879.8,1283525,0,0
2006-03-01,114160,101.2751,10907.1,1285689,0,0
2006-04-01,114239.567,101.6813,10916.2,1273540,0,0
2006-05-01,114414.683,101.579,10902.6,1284007,0,0
2006-06-01,114520.972,101.9693,10925.3,1280472,0,0
2006-07-01,114644.25,101.9319,10905.1,1274914,0,0
2006-08-01,114829.66,102.3327,10895.8,1282063,0,0
2006-09-01,114887.709,102.1252,10975.6,1281830,0,0
2006-10-01,114996.87,102.0668,11054.7,1282760,0,0
2006-11-01,114983.964,101.9688,11112,1283503,0,0
2006-12-01,115154.982,103.0292,11157.6,1304033,0,0
2007-01-01,115395.876,102.4933,11154.4,1296080,0,0
2007-02-01,115506.979,103.5264,11205.1,1303857,0,0
2007-03-01,115661,103.7521,11256.7,1305493,0,0
2007-04-01,115699.893,104.4814,11273.1,1303242,0,0
2007-05-01,115782.04,104.5322,11268.8,1311962,0,0
2007-06-01,115797.403,104.5617,11253.7,1310470,0,0
2007-07-01,115844.387,104.5227,11255,1302662,0,0
2007-08-01,115817.832,104.7556,11246.4,1319012,0,0
2007-09-01,115840.363,105.1611,11265.3,1319652,0,0
2007-10-01,115884.544,104.7171,11240,1326662,0,0
2007-11-01,115942.989,105.3338,11229.9,1323441,0,0
2007-12-01,115990.404,105.3457,11262.1,1312662,0,0
2008-01-01,116108.03,105.0619,11262.6,1319262,0,1
2008-02-01,116029.778,104.7094,11266.6,1306654,1,1
2008-03-01,115849,104.4616,11261.4,1289336,1,1
2008-04-01,115443.462,103.6704,11191.9,1302474,1,1
2008-05-01,115034.178,103.0863,11135.5,1293471,1,1
2008-06-01,114569.406,102.8445,11062.8,1291741,1,1
2008-07-01,114153.351,102.3002,11013.2,1269465,1,1
2008-08-01,113723.496,100.7353,11064.8,1260142,1,1
2008-09-01,113234.873,96.3666,11068.3,1229147,1,1
2008-10-01,112804.692,97.2832,11112.1,1217693,1,1
2008-11-01,112185.143,96.0605,11159.3,1184469,1,1
2008-12-01,111675.521,93.2521,11030,1178034,1,1
2009-01-01,111091.698,91.0373,10808.8,1153058,1,1
2009-02-01,110385.985,90.4502,10632.4,1160215,1,1
2009-03-01,109969,89.016,10561.2,1136275,1,1
2009-04-01,109643.845,88.3056,10582.7,1127427,1,1
2009-05-01,109399.838,87.4155,10597.2,1127913,1,1
2009-06-01,109065.408,87.0742,10534.6,1126129,1,1
2009-07-01,108885.247,88.0323,10481.8,1142764,1,0
2009-08-01,108672.755,89.019,10449.5,1143418,0,0
2009-09-01,108547.04,89.6926,10430.2,1144772,0,0
2009-10-01,108432.554,89.9797,10414.6,1150407,0,0
2009-11-01,108058.76,90.3375,10447.2,1159044,0,0
2009-12-01,107846.283,90.6132,10483,1162939,0,0
2010-01-01,107709.266,91.6642,10454.7,1159614,0,0
2010-02-01,107490.455,91.994,10437.5,1167271,0,0
2010-03-01,107377,92.5993,10470.7,1182072,0,0
2010-04-01,107523.852,92.9436,10579.6,1192644,0,0
2010-05-01,107675.808,94.2997,10687.6,1188910,0,0
2010-06-01,107777.359,94.4397,10716.6,1200366,0,0
2010-07-01,107936.166,94.8536,10754,1210538,0,0
2010-08-01,108035.328,95.1448,10771.8,1211152,0,0
2010-09-01,108152.338,95.3637,10772.7,1210964,0,0
2010-10-01,108371.72,95.1109,10805.5,1217216,0,0
2010-11-01,108512.557,95.1383,10839.9,1220690,0,0
2010-12-01,108597.926,96.0599,10932,1222861,0,0
2011-01-01,108735.387,95.9364,11100,1237849,0,0
2011-02-01,108899.254,95.5154,11145.8,1220120,0,0
2011-03-01,109112,96.4643,11114.7,1234097,0,0
2011-04-01,109410.589,96.1187,11098.9,1229594,0,0
2011-05-01,109664.953,96.3377,11098.3,1219944,0,0
2011-06-01,109927.847,96.6154,11171.9,1232271,0,0
2011-07-01,110140.759,97.1292,11228.1,1237862,0,0
2011-08-01,110357.1,97.6731,11218.9,1247048,0,0
2011-09-01,110583.748,97.6494,11200.4,1238946,0,0
2011-10-01,110774.609,98.3222,11214.5,1254588,0,0
2011-11-01,110901.428,98.2433,11209,1250048,0,0
2011-12-01,111095.708,98.7876,11322.6,1261003,0,0
2012-01-01,111294.89,99.3925,11426,1268460,0,0
2012-02-01,111576.282,99.6203,11514.2,1273029,0,0
2012-03-01,111826,99.1551,11555.5,1271849,0,0
2012-04-01,111908.829,99.9006,11601.9,1275997,0,0
2012-05-01,112062.275,100.0924,11608.3,1279867,0,0
2012-06-01,112141.525,100.0728,11620.1,1276299,0,0
2012-07-01,112283.582,100.3354,11540.6,1278728,0,0
2012-08-01,112467.774,99.856,11511.5,1277591,0,0
2012-09-01,112618.015,99.9049,11578.9,1279516,0,0
2012-10-01,112845.225,100.1167,11690,1274571,0,0
2012-11-01,113004.196,100.5991,11881.3,1298060,0,0
2012-12-01,113235.673,100.9542,12231.3,1302868,0,0
2013-01-01,113443.667,100.8204,11515.8,1307206,0,0
2013-02-01,113646.812,101.3995,11460.8,1312035,0,0
2013-03-01,113828,101.8114,11478.8,1304969,0,0
2013-04-01,113953.928,101.6364,11552.2,1303671,0,0
2013-05-01,114163.837,101.7476,11614.5,1317695,0,0
2013-06-01,114381.167,101.9549,11622.3,1314033,0,0
2013-07-01,114537.74,101.5204,11596,1314276,0,0
2013-08-01,114743.92,102.1907,11617.6,1319628,0,0
2013-09-01,114986.976,102.717,11668.1,1323701,0,0
2013-10-01,115197.639,102.5371,11642.1,1331422,0,0
2013-11-01,115392.892,102.8379,11695.6,1347662,0,0
2013-12-01,115570.645,103.1504,11742.7,1342339,0,0
2014-01-01,115782.452,102.7216,11810.5,1328414,0,0
2014-02-01,115972.632,103.5917,11891.9,1339979,0,0
2014-03-01,116152,104.5889,11953.7,1350652,0,0
2014-04-01,116430.073,104.6371,11983.3,1352609,0,0
2014-05-01,116632.501,105.0152,12013.4,1356343,0,0
2014-06-01,116924.975,105.4081,12069.7,1355815,0,0
2014-07-01,117147.93,105.6157,12114.2,1364444,0,0
2014-08-01,117378.095,105.4986,12179.2,1366998,0,0
2014-09-01,117629.223,105.8138,12222.6,1366811,0,0
2014-10-01,117881.635,105.8357,12281.3,1368570,0,0
2014-11-01,118076.579,106.6634,12349.4,1372234,0,0
2014-12-01,118368.506,106.5085,12421.1,1380177,0,0
2015-01-01,118559.99,105.9806,12508.2,1383589,0,0
2015-02-01,118786.481,105.4425,12544.6,1376591,0,0
2015-03-01,118964,105.1464,12500.8,1384008,0,0
2015-04-01,119143.484,104.5272,12575.7,1393444,0,0
2015-05-01,119439.132,104.0742,12627.9,1381980,0,0
2015-06-01,119658.334,103.7174,12660.5,1383767,0,0
2015-07-01,119848.183,104.3243,12684.6,1386850,0,0
2015-08-01,120037.844,104.1621,12708.9,1388303,0,0
2015-09-01,120241.665,103.7768,12738.4,1402910,0,0
2015-10-01,120428.039,103.3976,12753.7,1398429,0,0
2015-11-01,120651.317,102.6866,12729.2,1394875,0,0
2015-12-01,120922.526,102.1014,12758.9,1393368,0,0
2016-01-01,121052.035,102.9525,12774,1395592,0,0
2016-02-01,121292.771,102.2225,12765.8,1404644,0,0
2016-03-01,121498,101.4155,12779.8,1407595,0,0
2016-04-01,121667.858,101.5167,12766,1404309,0,0
2016-05-01,121752.116,101.4298,12756.6,1398649,0,0
2016-06-01,122006.734,101.8747,12772.1,1406170,0,0
2016-07-01,122158.58,102.1325,12813.8,1406302,0,0
2016-08-01,122350.434,102.0407,12822.6,1415627,0,0
2016-09-01,122531.227,102.0477,12868,1419835,0,0
2016-10-01,122622.373,102.2485,12882.8,1419859,0,0
2016-11-01,122858.253,102.0507,12921.4,1420655,0,0
2016-12-01,122963.336,102.9281,12949.2,1438649,0,0
2017-01-01,123187.491,103.0366,13018.5,1434995,0,0
2017-02-01,123424.636,102.6479,13077,1432348,0,0
2017-03-01,123634,103.343,13146.3,1433162,0,0
2017-04-01,123806.719,104.2721,13148.5,1428851,0,0
2017-05-01,123977.198,104.4129,13207.4,1435631,0,0
2017-06-01,124112.136,104.5849,13196.8,1441441,0,0
2017-07-01,124295.581,104.5427,13235.9,1447458,0,0
2017-08-01,124469.756,104.0475,13261.7,1454477,0,0
2017-09-01,124580.827,104.0502,13308.1,1463137,0,0
2017-10-01,124738.696,105.6287,13367.8,1468476,0,0
2017-11-01,124945.223,106.193,13451.6,1481058,0,0
2017-12-01,125186.371,106.536,13523.2,1489369,0,0
2018-01-01,125438.125,106.2655,13565.1,1473725,0,0
2018-02-01,125656.819,106.6419,13595.9,1476241,0,0
2018-03-01,125870,107.2519,13636.2,1478604,0,0
2018-04-01,126048.16,108.2223,13643.6,1475541,0,0
2018-05-01,126323.795,107.3639,13663.5,1482047,0,0
2018-06-01,126544.81,108.1707,13704.4,1480667,0,0
2018-07-01,126829.139,108.652,13752.8,1482525,0,0
2018-08-01,126988.113,109.5246,13807.9,1489199,0,0
2018-09-01,127187.34,109.6749,13796,1491427,0,0
2018-10-01,127425.327,109.9165,13804.8,1488057,0,0
2018-11-01,127561.742,110.5067,13824.2,1494421,0,0
2018-12-01,127810.745,110.5516,13961.7,1496036,0,0
2019-01-01,128074.432,110.1185,13941.3,1517565,0,0
2019-02-01,128294.34,109.5631,14012.2,1511754,0,0
2019-03-01,128452.14,109.6811,14046,1516680,0,0
2019-04-01,128706.755,108.9888,14042,1503390,0,0
2019-05-01,128752.489,109.2264,14052.3,1503347,0,0
2019-06-01,128859.828,109.2774,14083.2,1515264,0,0
2019-07-01,129002.626,109.0852,14059.4,1515210,0,0
2019-08-01,129162.036,109.9634,14131.9,1524456,0,0
2019-09-01,129286.36,109.4437,14172.8,1524004,0,0
2019-10-01,129437.506,108.8532,14147,1516559,0,0
2019-11-01,129561.506,109.7573,14213.3,,0,0
2019-12-01,129763.162,109.433,,,0,0
